code,time,close,raw_signal,is_test_signal,equity_model,return_model,equity_signal,return_signal,equity_xgb_tb,return_xgb_tb,equity_buy_hold,return_buy_hold,seed,cost_bps
TSLA,2022-12-30,123.18,buy,True,1.0,0.0,0.998,-0.0020000000000000018,0.998,-0.0020000000000000018,0.996004,-0.0039959999999999996,42,20
TSLA,2023-01-03,108.1,none,False,1.0,0.0,0.8758223737619742,-0.12417762623802575,0.8758223737619742,-0.12417762623802575,0.8740707290144503,-0.12592927098554973,42,20
TSLA,2023-01-04,113.64,none,False,1.0,0.0,0.9207072576716999,-0.07929274232830008,0.9207072576716999,-0.07929274232830008,0.9188658431563566,-0.08113415684364345,42,20
TSLA,2023-01-05,110.34,none,False,1.0,0.0,0.8939707744763761,-0.10602922552362393,0.8939707744763761,-0.10602922552362393,0.8921828329274233,-0.10781716707257671,42,20
TSLA,2023-01-06,113.06,none,False,1.0,0.0,0.9160081182010067,-0.0839918817989933,0.9160081182010067,-0.0839918817989933,0.9141761019646046,-0.08582389803539536,42,20
TSLA,2023-01-09,119.77,none,False,1.0,0.0,0.9703723006981653,-0.02962769930183473,0.9703723006981653,-0.02962769930183473,0.9684315560967689,-0.0315684439032311,42,20
TSLA,2023-01-10,118.85,none,False,1.0,0.0,0.9629184932618932,-0.03708150673810684,0.9629184932618932,-0.03708150673810684,0.9609926562753693,-0.03900734372463066,42,20
TSLA,2023-01-11,123.22,none,False,1.0,0.0,0.9983240785841857,-0.0016759214158142965,0.9983240785841857,-0.0016759214158142965,0.9963274304270173,-0.0036725695729826757,42,20
TSLA,2023-01-12,123.56,none,False,1.0,0.0,1.0010787465497646,0.0010787465497645865,1.0010787465497646,0.0010787465497645865,0.9990765890566649,-0.0009234109433351456,42,20
TSLA,2023-01-13,122.4,none,False,1.0,0.0,0.991680467608378,-0.008319532391621975,0.991680467608378,-0.008319532391621975,0.9896971066731612,-0.010302893326838758,42,20
TSLA,2023-01-17,131.49,none,False,1.0,0.0,1.0653273258645886,0.06532732586458856,1.0653273258645886,0.06532732586458856,1.063196671212859,0.0631966712128591,42,20
TSLA,2023-01-18,128.78,none,False,1.0,0.0,1.0433710017860043,0.04337100178600428,1.0433710017860043,0.04337100178600428,1.0412842597824323,0.04128425978243233,42,20
TSLA,2023-01-19,127.17,none,False,1.0,0.0,1.030326838772528,0.030326838772527953,1.030326838772528,0.030326838772527953,1.0282661850949828,0.0282661850949828,42,20
TSLA,2023-01-20,133.42,none,False,1.0,0.0,1.0809641175515505,0.08096411755155053,1.0809641175515505,0.08096411755155053,1.0788021893164472,0.07880218931644722,42,20
TSLA,2023-01-23,143.75,none,False,1.0,0.0,1.164657411917519,0.16465741191751904,1.164657411917519,0.16465741191751904,1.162328097093684,0.162328097093684,42,20
TSLA,2023-01-24,143.89,none,False,1.0,0.0,1.1657916869621692,0.16579168696216917,1.1657916869621692,0.16579168696216917,1.1634601035882448,0.1634601035882448,42,20
TSLA,2023-01-25,144.43,none,False,1.0,0.0,1.1701667478486768,0.1701667478486768,1.1701667478486768,0.1701667478486768,1.1678264143529795,0.1678264143529795,42,20
TSLA,2023-01-26,160.27,none,False,1.0,0.0,1.2985018671862316,0.2985018671862316,1.2985018671862316,0.2985018671862316,1.295904863451859,0.29590486345185907,42,20
TSLA,2023-01-27,177.9,none,False,1.0,0.0,1.4413395031660985,0.4413395031660985,1.4413395031660985,0.4413395031660985,1.4384568241597662,0.43845682415976617,42,20
TSLA,2023-01-30,166.66,none,False,1.0,0.0,1.350273421009904,0.3502734210099041,1.350273421009904,0.3502734210099041,1.3475728741678843,0.3475728741678843,42,20
TSLA,2023-01-31,173.22,none,False,1.0,0.0,1.4034223088163662,0.4034223088163662,1.4034223088163662,0.4034223088163662,1.4006154641987334,0.4006154641987334,42,20
TSLA,2023-02-01,181.41,none,False,1.0,0.0,1.4697773989283975,0.46977739892839754,1.4697773989283975,0.46977739892839754,1.4668378441305405,0.4668378441305405,42,20
TSLA,2023-02-02,188.27,none,False,1.0,0.0,1.5253568761162528,0.5253568761162528,1.5253568761162528,0.5253568761162528,1.5223061623640202,0.5223061623640202,42,20
TSLA,2023-02-03,189.98,none,False,1.0,0.0,1.539211235590193,0.539211235590193,1.539211235590193,0.539211235590193,1.5361328131190128,0.5361328131190128,42,20
TSLA,2023-02-06,194.76,none,False,1.0,0.0,1.5779386264003896,0.5779386264003896,1.5779386264003896,0.5779386264003896,1.5747827491475885,0.5747827491475885,42,20
TSLA,2023-02-07,196.81,none,False,1.0,0.0,1.594547653839909,0.594547653839909,1.594547653839909,0.594547653839909,1.5913585585322292,0.5913585585322292,42,20
TSLA,2023-02-08,201.29,none,False,1.0,0.0,1.6308444552687125,0.6308444552687125,1.6308444552687125,0.6308444552687125,1.6275827663581748,0.6275827663581748,42,20
TSLA,2023-02-09,207.32,none,False,1.0,0.0,1.6796993018347133,0.6796993018347133,1.6796993018347133,0.6796993018347133,1.6763399032310438,0.6763399032310438,42,20
TSLA,2023-02-10,196.89,none,False,1.0,0.0,1.5951958110082805,0.5951958110082805,1.5951958110082805,0.5951958110082805,1.5920054193862638,0.5920054193862638,42,20
TSLA,2023-02-13,194.64,none,False,1.0,0.0,1.5769663906478324,0.5769663906478324,1.5769663906478324,0.5769663906478324,1.5738124578665365,0.5738124578665365,42,20
TSLA,2023-02-14,209.25,none,False,1.0,0.0,1.6953360935216757,0.6953360935216757,1.6953360935216757,0.6953360935216757,1.691945421334632,0.6919454213346321,42,20
TSLA,2023-02-15,214.24,none,False,1.0,0.0,1.7357648968988473,0.7357648968988473,1.7357648968988473,0.7357648968988473,1.7322933671050496,0.7322933671050496,42,20
TSLA,2023-02-16,202.04,none,False,1.0,0.0,1.636920928722195,0.6369209287221951,1.636920928722195,0.6369209287221951,1.6336470868647506,0.6336470868647506,42,20
TSLA,2023-02-17,208.31,none,False,1.0,0.0,1.6877202467933106,0.6877202467933106,1.6877202467933106,0.6877202467933106,1.684344806299724,0.6843448062997239,42,20
TSLA,2023-02-21,197.37,none,False,1.0,0.0,1.5990847540185096,0.5990847540185096,1.5990847540185096,0.5990847540185096,1.5958865845104724,0.5958865845104724,42,20
TSLA,2023-02-22,200.86,none,False,1.0,0.0,1.6273606104887157,0.6273606104887157,1.6273606104887157,0.6273606104887157,1.6241058892677382,0.6241058892677382,42,20
TSLA,2023-02-23,202.07,none,False,1.0,0.0,1.6371639876603343,0.6371639876603343,1.6371639876603343,0.6371639876603343,1.6338896596850137,0.6338896596850137,42,20
TSLA,2023-02-24,196.88,none,False,1.0,0.0,1.595114791362234,0.5951147913622341,1.595114791362234,0.5951147913622341,1.5919245617795095,0.5919245617795095,42,20
TSLA,2023-02-27,207.63,none,False,1.0,0.0,1.6822109108621528,0.6822109108621528,1.6822109108621528,0.6822109108621528,1.6788464890404287,0.6788464890404287,42,20
TSLA,2023-02-28,205.71,none,False,1.0,0.0,1.6666551388212372,0.6666551388212372,1.6666551388212372,0.6666551388212372,1.6633218285435947,0.6633218285435947,42,20
TSLA,2023-03-01,202.77,none,False,1.0,0.0,1.642835362883585,0.642835362883585,1.642835362883585,0.642835362883585,1.6395496921578179,0.6395496921578179,42,20
TSLA,2023-03-02,190.9,none,False,1.0,0.0,1.5466650430264655,0.5466650430264655,1.5466650430264655,0.5466650430264655,1.5435717129404123,0.5435717129404123,42,20
TSLA,2023-03-03,197.79,none,False,1.0,0.0,1.6024875791524598,0.6024875791524598,1.6024875791524598,0.6024875791524598,1.5992826039941546,0.5992826039941546,42,20
TSLA,2023-03-06,193.81,none,False,1.0,0.0,1.5702417600259782,0.5702417600259782,1.5702417600259782,0.5702417600259782,1.5671012765059262,0.5671012765059262,42,20
TSLA,2023-03-07,187.71,none,False,1.0,0.0,1.5208197759376523,0.5208197759376523,1.5208197759376523,0.5208197759376523,1.517778136385777,0.517778136385777,42,20
TSLA,2023-03-08,182.0,none,False,1.0,0.0,1.474557558045137,0.4745575580451371,1.474557558045137,0.4745575580451371,1.4716084429290468,0.4716084429290468,42,20
TSLA,2023-03-09,172.92,none,False,1.0,0.0,1.400991719434973,0.400991719434973,1.400991719434973,0.400991719434973,1.398189735996103,0.3981897359961031,42,20
TSLA,2023-03-10,173.44,none,False,1.0,0.0,1.4052047410293877,0.40520474102938775,1.4052047410293877,0.40520474102938775,1.402394331547329,0.40239433154732906,42,20
TSLA,2023-03-13,174.48,none,False,1.0,0.0,1.4136307842182172,0.4136307842182172,1.4136307842182172,0.4136307842182172,1.4108035226497806,0.4108035226497806,42,20
TSLA,2023-03-14,183.26,none,False,1.0,0.0,1.484766033446988,0.4847660334469881,1.484766033446988,0.4847660334469881,1.4817965013800942,0.4817965013800942,42,20
TSLA,2023-03-15,180.45,none,False,1.0,0.0,1.4619995129079395,0.4619995129079395,1.4619995129079395,0.4619995129079395,1.4590755138821236,0.45907551388212364,42,20
TSLA,2023-03-16,184.13,none,False,1.0,0.0,1.491814742653028,0.49181474265302794,1.491814742653028,0.49181474265302794,1.4888311131677219,0.4888311131677219,42,20
TSLA,2023-03-17,180.13,none,False,1.0,0.0,1.4594068842344536,0.45940688423445364,1.4594068842344536,0.45940688423445364,1.4564880704659848,0.45648807046598483,42,20
TSLA,2023-03-20,183.25,none,False,1.0,0.0,1.4846850138009418,0.48468501380094176,1.4846850138009418,0.48468501380094176,1.4817156437733396,0.48171564377333964,42,20
TSLA,2023-03-21,197.58,none,False,1.0,0.0,1.6007861665854848,0.6007861665854848,1.6007861665854848,0.6007861665854848,1.5975845942523137,0.5975845942523137,42,20
TSLA,2023-03-22,191.15,none,False,1.0,0.0,1.5486905341776263,0.5486905341776263,1.5486905341776263,0.5486905341776263,1.545593153109271,0.545593153109271,42,20
TSLA,2023-03-23,192.22,none,False,1.0,0.0,1.557359636304595,0.557359636304595,1.557359636304595,0.557359636304595,1.5542449170319856,0.5542449170319856,42,20
TSLA,2023-03-24,190.41,none,False,1.0,0.0,1.54269508037019,0.54269508037019,1.54269508037019,0.54269508037019,1.5396096902094494,0.5396096902094494,42,20
TSLA,2023-03-27,191.81,none,False,1.0,0.0,1.5540378308166911,0.5540378308166911,1.5540378308166911,0.5540378308166911,1.5509297551550576,0.5509297551550576,42,20
TSLA,2023-03-28,189.19,none,False,1.0,0.0,1.5328106835525248,0.5328106835525248,1.5328106835525248,0.5328106835525248,1.5297450621854198,0.5297450621854198,42,20
TSLA,2023-03-29,193.88,none,False,1.0,0.0,1.5708088975483032,0.5708088975483032,1.5708088975483032,0.5708088975483032,1.5676672797532065,0.5676672797532065,42,20
TSLA,2023-03-30,195.28,none,False,1.0,0.0,1.5821516479948043,0.5821516479948043,1.5821516479948043,0.5821516479948043,1.5789873446988145,0.5789873446988145,42,20
TSLA,2023-03-31,207.46,none,False,1.0,0.0,1.6808335768793636,0.6808335768793636,1.6808335768793636,0.6808335768793636,1.6774719097256048,0.6774719097256048,42,20
TSLA,2023-04-03,194.77,none,False,1.0,0.0,1.5780196460464362,0.5780196460464362,1.5780196460464362,0.5780196460464362,1.5748636067543433,0.5748636067543433,42,20
TSLA,2023-04-04,192.58,none,False,1.0,0.0,1.5602763435622666,0.5602763435622666,1.5602763435622666,0.5602763435622666,1.557155790875142,0.5571557908751421,42,20
TSLA,2023-04-05,185.52,none,False,1.0,0.0,1.5030764734534827,0.5030764734534827,1.5030764734534827,0.5030764734534827,1.5000703205065757,0.5000703205065757,42,20
TSLA,2023-04-06,185.06,none,False,1.0,0.0,1.4993495697353467,0.4993495697353467,1.4993495697353467,0.4993495697353467,1.496350870595876,0.4963508705958759,42,20
TSLA,2023-04-10,184.51,none,False,1.0,0.0,1.4948934892027925,0.4948934892027925,1.4948934892027925,0.4948934892027925,1.4919037022243868,0.49190370222438684,42,20
TSLA,2023-04-11,186.79,none,False,1.0,0.0,1.51336596850138,0.51336596850138,1.51336596850138,0.51336596850138,1.510339236564377,0.5103392365643771,42,20
TSLA,2023-04-12,180.54,none,False,1.0,0.0,1.4627286897223575,0.4627286897223575,1.4627286897223575,0.4627286897223575,1.4598032323429129,0.45980323234291287,42,20
TSLA,2023-04-13,185.9,none,False,1.0,0.0,1.5061552200032473,0.5061552200032473,1.5061552200032473,0.5061552200032473,1.5031429095632407,0.5031429095632407,42,20
TSLA,2023-04-14,185.0,none,False,1.0,0.0,1.498863451859068,0.498863451859068,1.498863451859068,0.498863451859068,1.4958657249553495,0.49586572495534953,42,20
TSLA,2023-04-17,187.04,none,False,1.0,0.0,1.5153914596525409,0.5153914596525409,1.5153914596525409,0.5153914596525409,1.5123606767332358,0.5123606767332358,42,20
TSLA,2023-04-18,184.31,none,False,1.0,0.0,1.4932730962818639,0.4932730962818639,1.4932730962818639,0.4932730962818639,1.4902865500893,0.4902865500893001,42,20
TSLA,2023-04-19,180.59,none,False,1.0,0.0,1.4631337879525896,0.46313378795258964,1.4631337879525896,0.46313378795258964,1.4602075203766844,0.46020752037668444,42,20
TSLA,2023-04-20,162.99,none,False,1.0,0.0,1.3205392109108622,0.32053921091086224,1.3205392109108622,0.32053921091086224,1.3178981324890404,0.3178981324890404,42,20
TSLA,2023-04-21,165.08,none,False,1.0,0.0,1.3374723169345675,0.3374723169345675,1.3374723169345675,0.3374723169345675,1.3347973723006983,0.3347973723006983,42,20
TSLA,2023-04-24,162.55,none,False,1.0,0.0,1.3169743464848191,0.31697434648481915,1.3169743464848191,0.31697434648481915,1.3143403977918493,0.3143403977918493,42,20
TSLA,2023-04-25,160.67,none,False,1.0,0.0,1.301742653028089,0.3017426530280889,1.301742653028089,0.3017426530280889,1.2991391677220325,0.29913916772203253,42,20
TSLA,2023-04-26,153.75,none,False,1.0,0.0,1.2456770579639551,0.24567705796395511,1.2456770579639551,0.24567705796395511,1.2431857038480272,0.24318570384802718,42,20
TSLA,2023-04-27,160.19,none,False,1.0,0.0,1.29785371001786,0.29785371001786,1.29785371001786,0.29785371001786,1.2952580025978242,0.2952580025978242,42,20
TSLA,2023-04-28,164.31,none,False,1.0,0.0,1.3312338041889917,0.33123380418899173,1.3312338041889917,0.33123380418899173,1.3285713365806138,0.32857133658061377,42,20
TSLA,2023-05-01,161.83,buy,True,1.0,0.0,1.3111409319694756,0.31114093196947556,1.3111409319694756,0.31114093196947556,1.3085186501055366,0.3085186501055366,42,20
TSLA,2023-05-02,160.31,none,False,1.0,0.0,1.2988259457704172,0.2988259457704172,1.2988259457704172,0.2988259457704172,1.2962282938788763,0.2962282938788763,42,20
TSLA,2023-05-03,160.61,none,False,1.0,0.0,1.3012565351518104,0.3012565351518104,1.3012565351518104,0.3012565351518104,1.2986540220815068,0.2986540220815068,42,20
TSLA,2023-05-04,161.2,none,False,1.0,0.0,1.30603669426855,0.30603669426854996,1.30603669426855,0.30603669426854996,1.3034246208800129,0.3034246208800129,42,20
TSLA,2023-05-05,170.06,none,False,1.0,0.0,1.3778201006656925,0.3778201006656925,1.3778201006656925,0.3778201006656925,1.3750644604643611,0.37506446046436115,42,20
TSLA,2023-05-08,171.79,none,False,1.0,0.0,1.3918364994317258,0.3918364994317258,1.3918364994317258,0.3918364994317258,1.389052826432862,0.3890528264328621,42,20
TSLA,2023-05-09,169.15,none,False,1.0,0.0,1.3704473128754668,0.37044731287546684,1.3704473128754668,0.37044731287546684,1.3677064182497158,0.36770641824971584,42,20
TSLA,2023-05-10,168.54,none,False,1.0,0.0,1.3655051144666341,0.36550511446663414,1.3655051144666341,0.36550511446663414,1.3627741042377008,0.36277410423770085,42,20
TSLA,2023-05-11,172.08,none,False,1.0,0.0,1.3941860691670727,0.39418606916707266,1.3941860691670727,0.39418606916707266,1.3913976970287385,0.3913976970287385,42,20
TSLA,2023-05-12,167.98,none,False,1.0,0.0,1.3609680142880336,0.3609680142880336,1.3609680142880336,0.3609680142880336,1.3582460782594574,0.3582460782594574,42,20
TSLA,2023-05-15,166.35,none,False,1.0,0.0,1.3477618119824646,0.3477618119824646,1.3477618119824646,0.3477618119824646,1.3450662883584994,0.3450662883584994,42,20
TSLA,2023-05-16,166.52,none,False,1.0,0.0,1.3491391459652542,0.3491391459652542,1.3491391459652542,0.3491391459652542,1.3464408676733237,0.3464408676733237,42,20
TSLA,2023-05-17,173.86,none,False,1.0,0.0,1.4086075661633384,0.4086075661633384,1.4086075661633384,0.4086075661633384,1.4057903510310115,0.40579035103101146,42,20
TSLA,2023-05-18,176.89,none,False,1.0,0.0,1.4331565189154083,0.4331565189154083,1.4331565189154083,0.4331565189154083,1.4302902058775775,0.4302902058775775,42,20
TSLA,2023-05-19,180.14,none,False,1.0,0.0,1.4594879038805,0.4594879038805,1.4594879038805,0.4594879038805,1.4565689280727387,0.45656892807273874,42,20
TSLA,2023-05-22,188.87,none,False,1.0,0.0,1.5302180548790387,0.5302180548790387,1.5302180548790387,0.5302180548790387,1.5271576187692806,0.5271576187692806,42,20
TSLA,2023-05-23,185.77,none,False,1.0,0.0,1.5051019646046437,0.5051019646046437,1.5051019646046437,0.5051019646046437,1.5020917606754345,0.5020917606754345,42,20
TSLA,2023-05-24,182.9,none,False,1.0,0.0,1.4818493261893164,0.4818493261893164,1.4818493261893164,0.4818493261893164,1.4788856275369378,0.47888562753693775,42,20
TSLA,2023-05-25,184.47,none,False,1.0,0.0,1.494569410618607,0.49456941061860693,1.494569410618607,0.49456941061860693,1.4915802717973696,0.49158027179736963,42,20
TSLA,2023-05-26,193.17,none,False,1.0,0.0,1.5650565026790062,0.5650565026790062,1.5650565026790062,0.5650565026790062,1.5619263896736482,0.5619263896736482,42,20
TSLA,2023-05-30,201.16,none,False,1.0,0.0,1.6297911998701087,0.6297911998701087,1.6297911998701087,0.6297911998701087,1.6265316174703686,0.6265316174703686,42,20
TSLA,2023-05-31,203.93,none,False,1.0,0.0,1.6522336418249717,0.6522336418249717,1.6522336418249717,0.6522336418249717,1.6489291745413215,0.6489291745413215,42,20
TSLA,2023-06-01,207.52,none,False,1.0,0.0,1.6813196947556421,0.6813196947556421,1.6813196947556421,0.6813196947556421,1.677957055366131,0.6779570553661309,42,20
TSLA,2023-06-02,213.97,none,False,1.0,0.0,1.7335773664555933,0.7335773664555933,1.7335773664555933,0.7335773664555933,1.730110211722682,0.7301102117226821,42,20
TSLA,2023-06-05,217.61,none,False,1.0,0.0,1.7630685176164962,0.7630685176164962,1.7630685176164962,0.7630685176164962,1.759542380581263,0.7595423805812631,42,20
TSLA,2023-06-06,221.31,none,False,1.0,0.0,1.7930457866536775,0.7930457866536775,1.7930457866536775,0.7930457866536775,1.7894596950803703,0.7894596950803703,42,20
TSLA,2023-06-07,224.57,none,False,1.0,0.0,1.8194581912648156,0.8194581912648156,1.8194581912648156,0.8194581912648156,1.815819274882286,0.8158192748822859,42,20
TSLA,2023-06-08,234.86,none,False,1.0,0.0,1.9028274070465985,0.9028274070465985,1.9028274070465985,0.9028274070465985,1.8990217522325052,0.8990217522325052,42,20
TSLA,2023-06-09,244.4,none,False,1.0,0.0,1.9801201493748986,0.9801201493748986,1.9801201493748986,0.9801201493748986,1.9761599090761488,0.9761599090761488,42,20
TSLA,2023-06-12,249.83,none,False,1.0,0.0,2.0241138171781135,1.0241138171781135,2.0241138171781135,1.0241138171781135,2.020065589543757,1.0200655895437571,42,20
TSLA,2023-06-13,258.71,none,False,1.0,0.0,2.0960592628673482,1.0960592628673482,2.0960592628673482,1.0960592628673482,2.0918671443416135,1.0918671443416135,42,20
TSLA,2023-06-14,256.79,none,False,1.0,0.0,2.080503490826433,1.080503490826433,2.080503490826433,1.080503490826433,2.07634248384478,1.0763424838447802,42,20
TSLA,2023-06-15,255.9,none,False,1.0,0.0,2.0732927423283,1.0732927423283,2.0732927423283,1.0732927423283,2.0691461568436433,1.0691461568436433,42,20
TSLA,2023-06-16,260.54,none,False,1.0,0.0,2.1108858580938468,1.1108858580938468,2.1108858580938468,1.1108858580938468,2.1066640863776587,1.1066640863776587,42,20
TSLA,2023-06-20,274.45,none,False,1.0,0.0,2.2235841857444387,1.2235841857444387,2.2235841857444387,1.2235841857444387,2.2191370173729497,1.2191370173729497,42,20
TSLA,2023-06-21,259.46,none,False,1.0,0.0,2.102135736320831,1.102135736320831,2.102135736320831,1.102135736320831,2.0979314648481893,1.0979314648481893,42,20
TSLA,2023-06-22,264.61,none,False,1.0,0.0,2.143860854034746,1.1438608540347461,2.143860854034746,1.1438608540347461,2.1395731323266767,1.1395731323266767,42,20
TSLA,2023-06-23,256.6,none,False,1.0,0.0,2.0789641175515507,1.0789641175515507,2.0789641175515507,1.0789641175515507,2.0748061893164476,1.0748061893164476,42,20
TSLA,2023-06-26,241.05,none,False,1.0,0.0,1.9529785679493425,0.9529785679493425,1.9529785679493425,0.9529785679493425,1.949072610813444,0.949072610813444,42,20
TSLA,2023-06-27,250.21,none,False,1.0,0.0,2.027192563727878,1.027192563727878,2.027192563727878,1.027192563727878,2.023138178600422,1.0231381786004219,42,20
TSLA,2023-06-28,256.24,none,False,1.0,0.0,2.076047410293879,1.0760474102938788,2.076047410293879,1.0760474102938788,2.071895315473291,1.071895315473291,42,20
TSLA,2023-06-29,257.5,none,False,1.0,0.0,2.0862558856957296,1.0862558856957296,2.0862558856957296,1.0862558856957296,2.0820833739243385,1.0820833739243385,42,20
TSLA,2023-06-30,261.77,none,False,1.0,0.0,2.120851274557558,1.120851274557558,2.120851274557558,1.120851274557558,2.116609572008443,1.1166095720084428,42,20
TSLA,2023-07-03,279.82,none,False,1.0,0.0,2.267091735671375,1.2670917356713751,2.267091735671375,1.2670917356713751,2.262557552200032,1.262557552200032,42,20
TSLA,2023-07-05,282.48,none,False,1.0,0.0,2.2886429615197272,1.2886429615197272,2.2886429615197272,1.2886429615197272,2.284065675596688,1.284065675596688,42,20
TSLA,2023-07-06,276.54,none,False,1.0,0.0,2.2405172917681444,1.2405172917681444,2.2405172917681444,1.2405172917681444,2.236036257184608,1.2360362571846082,42,20
TSLA,2023-07-07,274.43,none,False,1.0,0.0,2.223422146452346,1.223422146452346,2.223422146452346,1.223422146452346,2.2189753021594414,1.2189753021594414,42,20
TSLA,2023-07-10,269.61,none,False,1.0,0.0,2.184370677057964,1.1843706770579638,2.184370677057964,1.1843706770579638,2.180001935703848,1.180001935703848,42,20
TSLA,2023-07-11,269.79,none,False,1.0,0.0,2.1858290306868,1.1858290306867998,2.1858290306868,1.1858290306867998,2.181457372625426,1.181457372625426,42,20
TSLA,2023-07-12,271.99,none,False,1.0,0.0,2.2036533528170157,1.2036533528170157,2.2036533528170157,1.2036533528170157,2.199246046111382,1.1992460461113819,42,20
TSLA,2023-07-13,277.9,none,False,1.0,0.0,2.2515359636304595,1.2515359636304595,2.2515359636304595,1.2515359636304595,2.2470328917031983,1.2470328917031983,42,20
TSLA,2023-07-14,281.38,none,False,1.0,0.0,2.2797308004546193,1.2797308004546193,2.2797308004546193,1.2797308004546193,2.2751713388537103,1.2751713388537103,42,20
TSLA,2023-07-17,290.38,none,False,1.0,0.0,2.3526484818964115,1.3526484818964115,2.3526484818964115,1.3526484818964115,2.347943184932619,1.3479431849326189,42,20
TSLA,2023-07-18,293.34,none,False,1.0,0.0,2.3766302971261566,1.3766302971261566,2.3766302971261566,1.3766302971261566,2.371877036531904,1.3718770365319042,42,20
TSLA,2023-07-19,291.26,none,False,1.0,0.0,2.359778210748498,1.3597782107484981,2.359778210748498,1.3597782107484981,2.3550586543270007,1.3550586543270007,42,20
TSLA,2023-07-20,262.9,none,False,1.0,0.0,2.130006494560805,1.130006494560805,2.130006494560805,1.130006494560805,2.1257464815716833,1.1257464815716833,42,20
TSLA,2023-07-21,260.02,none,False,1.0,0.0,2.1066728364994316,1.1066728364994316,2.1066728364994316,1.1066728364994316,2.102459490826433,1.102459490826433,42,20
TSLA,2023-07-24,269.06,none,False,1.0,0.0,2.17991459652541,1.17991459652541,2.17991459652541,1.17991459652541,2.175554767332359,1.175554767332359,42,20
TSLA,2023-07-25,265.28,none,False,1.0,0.0,2.149289170319857,1.149289170319857,2.149289170319857,1.149289170319857,2.144990591979217,1.1449905919792172,42,20
TSLA,2023-07-26,264.35,none,False,1.0,0.0,2.1417543432375385,1.1417543432375385,2.1417543432375385,1.1417543432375385,2.1374708345510633,1.1374708345510633,42,20
TSLA,2023-07-27,255.71,none,False,1.0,0.0,2.071753369053418,1.0717533690534178,2.071753369053418,1.0717533690534178,2.0676098623153107,1.0676098623153107,42,20
TSLA,2023-07-28,266.44,none,False,1.0,0.0,2.158687449261244,1.1586874492612438,2.158687449261244,1.1586874492612438,2.1543700743627214,1.1543700743627214,42,20
TSLA,2023-07-31,267.43,none,False,1.0,0.0,2.166708394219841,1.166708394219841,2.166708394219841,1.166708394219841,2.1623749774314014,1.1623749774314014,42,20
TSLA,2023-08-01,261.07,none,False,1.0,0.0,2.1151798993343074,1.1151798993343074,2.1151798993343074,1.1151798993343074,2.1109495395356386,1.1109495395356386,42,20
TSLA,2023-08-02,254.11,none,False,1.0,0.0,2.0587902256859882,1.0587902256859882,2.0587902256859882,1.0587902256859882,2.054672645234616,1.054672645234616,42,20
TSLA,2023-08-03,259.32,none,False,1.0,0.0,2.101001461276181,1.101001461276181,2.101001461276181,1.101001461276181,2.096799458353629,1.0967994583536291,42,20
TSLA,2023-08-04,253.86,none,False,1.0,0.0,2.056764734534827,1.056764734534827,2.056764734534827,1.056764734534827,2.0526512050657573,1.0526512050657573,42,20
TSLA,2023-08-07,251.45,none,False,1.0,0.0,2.0372389998376357,1.0372389998376357,2.0372389998376357,1.0372389998376357,2.0331645218379606,1.0331645218379606,42,20
TSLA,2023-08-08,249.7,none,False,1.0,0.0,2.0230605617795097,1.0230605617795097,2.0230605617795097,1.0230605617795097,2.0190144406559507,1.0190144406559507,42,20
TSLA,2023-08-09,242.19,none,False,1.0,0.0,1.962214807598636,0.9622148075986361,1.962214807598636,0.9622148075986361,1.9582903779834389,0.9582903779834389,42,20
TSLA,2023-08-10,245.34,none,False,1.0,0.0,1.9877359961032635,0.9877359961032635,1.9877359961032635,0.9877359961032635,1.983760524111057,0.983760524111057,42,20
TSLA,2023-08-11,242.65,none,False,1.0,0.0,1.9659417113167723,0.9659417113167723,1.9659417113167723,0.9659417113167723,1.9620098278941385,0.9620098278941385,42,20
TSLA,2023-08-14,239.76,none,False,1.0,0.0,1.942527033609352,0.9425270336093521,1.942527033609352,0.9425270336093521,1.9386419795421332,0.9386419795421332,42,20
TSLA,2023-08-15,232.96,none,False,1.0,0.0,1.8874336742977758,0.8874336742977758,1.8874336742977758,0.8874336742977758,1.88365880694918,0.88365880694918,42,20
TSLA,2023-08-16,225.6,none,False,1.0,0.0,1.8278032148075987,0.8278032148075987,1.8278032148075987,0.8278032148075987,1.8241476083779833,0.8241476083779833,42,20
TSLA,2023-08-17,219.22,none,False,1.0,0.0,1.7761126806299723,0.7761126806299723,1.7761126806299723,0.7761126806299723,1.7725604552687124,0.7725604552687124,42,20
TSLA,2023-08-18,215.49,none,False,1.0,0.0,1.7458923526546517,0.7458923526546517,1.7458923526546517,0.7458923526546517,1.7424005679493424,0.7424005679493424,42,20
TSLA,2023-08-21,231.28,none,False,1.0,0.0,1.8738223737619744,0.8738223737619744,1.8738223737619744,0.8738223737619744,1.8700747290144504,0.8700747290144504,42,20
TSLA,2023-08-22,233.19,none,False,1.0,0.0,1.8892971261568436,0.8892971261568436,1.8892971261568436,0.8892971261568436,1.88551853190453,0.88551853190453,42,20
TSLA,2023-08-23,236.86,none,False,1.0,0.0,1.9190313362558857,0.9190313362558857,1.9190313362558857,0.9190313362558857,1.9151932735833737,0.9151932735833737,42,20
TSLA,2023-08-24,230.04,none,False,1.0,0.0,1.8637759376522163,0.8637759376522163,1.8637759376522163,0.8637759376522163,1.8600483857769117,0.8600483857769117,42,20
TSLA,2023-08-25,238.59,none,False,1.0,0.0,1.933047735021919,0.9330477350219191,1.933047735021919,0.9330477350219191,1.9291816395518753,0.9291816395518753,42,20
TSLA,2023-08-28,238.82,none,False,1.0,0.0,1.9349111868809872,0.9349111868809872,1.9349111868809872,0.9349111868809872,1.931041364507225,0.9310413645072251,42,20
TSLA,2023-08-29,257.18,none,False,1.0,0.0,2.083663257022244,1.083663257022244,2.083663257022244,1.083663257022244,2.0794959305081995,1.0794959305081995,42,20
TSLA,2023-08-30,256.9,none,False,1.0,0.0,2.0813947069329433,1.0813947069329433,2.0813947069329433,1.0813947069329433,2.077231917519078,1.0772319175190779,42,20
TSLA,2023-08-31,258.08,none,False,1.0,0.0,2.090955025166423,1.0909550251664228,2.090955025166423,1.0909550251664228,2.08677311511609,1.08677311511609,42,20
TSLA,2023-09-01,245.01,none,False,1.0,0.0,1.985062347783731,0.985062347783731,1.985062347783731,0.985062347783731,1.9810922230881636,0.9810922230881636,42,20
TSLA,2023-09-05,256.49,none,False,1.0,0.0,2.0780729014450396,1.0780729014450396,2.0780729014450396,1.0780729014450396,2.0739167556421494,1.0739167556421494,42,20
TSLA,2023-09-06,251.92,none,False,1.0,0.0,2.0410469232018182,1.0410469232018182,2.0410469232018182,1.0410469232018182,2.036964829355415,1.0369648293554148,42,20
TSLA,2023-09-07,251.49,none,False,1.0,0.0,2.037563078421822,1.037563078421822,2.037563078421822,1.037563078421822,2.0334879522649785,1.0334879522649785,42,20
TSLA,2023-09-08,248.5,none,False,1.0,0.0,2.0133382042539374,1.0133382042539374,2.0133382042539374,1.0133382042539374,2.0093115278454294,1.0093115278454294,42,20
TSLA,2023-09-11,273.58,none,False,1.0,0.0,2.216535476538399,1.2165354765383989,2.216535476538399,1.2165354765383989,2.212102405585322,1.212102405585322,42,20
TSLA,2023-09-12,267.48,none,False,1.0,0.0,2.1671134924500732,1.1671134924500732,2.1671134924500732,1.1671134924500732,2.162779265465173,1.162779265465173,42,20
TSLA,2023-09-13,271.3,none,False,1.0,0.0,2.198062997239812,1.1980629972398118,2.198062997239812,1.1980629972398118,2.1936668712453318,1.1936668712453318,42,20
TSLA,2023-09-14,276.04,none,False,1.0,0.0,2.2364663094658224,1.2364663094658224,2.2364663094658224,1.2364663094658224,2.2319933768468907,1.2319933768468907,42,20
TSLA,2023-09-15,274.39,none,False,1.0,0.0,2.22309806786816,1.2230980678681602,2.22309806786816,1.2230980678681602,2.218651871732424,1.218651871732424,42,20
TSLA,2023-09-18,265.28,none,False,1.0,0.0,2.149289170319857,1.149289170319857,2.149289170319857,1.149289170319857,2.144990591979217,1.1449905919792172,42,20
TSLA,2023-09-19,266.5,none,False,1.0,0.0,2.1591735671375223,1.1591735671375223,2.1591735671375223,1.1591735671375223,2.154855220003247,1.1548552200032471,42,20
TSLA,2023-09-20,262.59,none,False,1.0,0.0,2.1274948855333657,1.1274948855333657,2.1274948855333657,1.1274948855333657,2.1232398957622984,1.1232398957622984,42,20
TSLA,2023-09-21,255.7,none,False,1.0,0.0,2.0716723494073714,1.0716723494073714,2.0716723494073714,1.0716723494073714,2.067529004708556,1.0675290047085562,42,20
TSLA,2023-09-22,244.88,none,False,1.0,0.0,1.9840090923851275,0.9840090923851275,1.9840090923851275,0.9840090923851275,1.980041074200357,0.9800410742003569,42,20
TSLA,2023-09-25,246.99,none,False,1.0,0.0,2.0011042377009254,1.0011042377009254,2.0011042377009254,1.0011042377009254,1.9971020292255235,0.9971020292255235,42,20
TSLA,2023-09-26,244.12,none,False,1.0,0.0,1.9778515992855983,0.9778515992855983,1.9778515992855983,0.9778515992855983,1.973895896087027,0.973895896087027,42,20
TSLA,2023-09-27,240.5,none,False,1.0,0.0,1.9485224874167884,0.9485224874167884,1.9485224874167884,0.9485224874167884,1.9446254424419547,0.9446254424419547,42,20
TSLA,2023-09-28,246.38,none,False,1.0,0.0,1.996162039292093,0.9961620392920929,1.996162039292093,0.9961620392920929,1.9921697152135087,0.9921697152135087,42,20
TSLA,2023-09-29,250.22,none,False,1.0,0.0,2.0272735833739244,1.0272735833739244,2.0272735833739244,1.0272735833739244,2.0232190362071765,1.0232190362071765,42,20
TSLA,2023-10-02,251.6,none,False,1.0,0.0,2.0384542945283326,1.0384542945283326,2.0384542945283326,1.0384542945283326,2.0343773859392758,1.0343773859392758,42,20
TSLA,2023-10-03,246.53,none,False,1.0,0.0,1.9973773339827894,0.9973773339827894,1.9973773339827894,0.9973773339827894,1.9933825793148237,0.9933825793148237,42,20
TSLA,2023-10-04,261.16,none,False,1.0,0.0,2.115909076148726,1.1159090761487258,2.115909076148726,1.1159090761487258,2.111677257996428,1.111677257996428,42,20
TSLA,2023-10-05,260.05,none,False,1.0,0.0,2.106915895437571,1.106915895437571,2.106915895437571,1.106915895437571,2.1027020636466958,1.1027020636466958,42,20
TSLA,2023-10-06,260.53,none,False,1.0,0.0,2.1108048384477995,1.1108048384477995,2.1108048384477995,1.1108048384477995,2.106583228770904,1.106583228770904,42,20
TSLA,2023-10-09,259.67,none,False,1.0,0.0,2.1038371488878065,1.1038371488878065,2.1038371488878065,1.1038371488878065,2.099629474590031,1.099629474590031,42,20
TSLA,2023-10-10,263.62,none,False,1.0,0.0,2.135839909076149,1.1358399090761488,2.135839909076149,1.1358399090761488,2.1315682292579963,1.1315682292579963,42,20
TSLA,2023-10-11,262.99,none,False,1.0,0.0,2.1307356713752235,1.1307356713752235,2.1307356713752235,1.1307356713752235,2.126474200032473,1.1264742000324728,42,20
TSLA,2023-10-12,258.87,none,False,1.0,0.0,2.0973555772040915,1.0973555772040915,2.0973555772040915,1.0973555772040915,2.093160866049683,1.0931608660496832,42,20
TSLA,2023-10-13,251.12,none,False,1.0,0.0,2.0345653515181037,1.0345653515181037,2.0345653515181037,1.0345653515181037,2.030496220815067,1.030496220815067,42,20
TSLA,2023-10-16,253.92,none,False,1.0,0.0,2.0572508524111055,1.0572508524111055,2.0572508524111055,1.0572508524111055,2.0531363507062834,1.0531363507062834,42,20
TSLA,2023-10-17,254.85,none,False,1.0,0.0,2.0647856794934243,1.0647856794934243,2.0647856794934243,1.0647856794934243,2.0606561081344372,1.0606561081344372,42,20
TSLA,2023-10-18,242.68,none,False,1.0,0.0,1.9661847702549116,0.9661847702549116,1.9661847702549116,0.9661847702549116,1.9622524007144018,0.9622524007144018,42,20
TSLA,2023-10-19,220.11,none,False,1.0,0.0,1.7833234291281053,0.7833234291281053,1.7833234291281053,0.7833234291281053,1.779756782269849,0.779756782269849,42,20
TSLA,2023-10-20,211.99,none,False,1.0,0.0,1.7175354765383992,0.7175354765383992,1.7175354765383992,0.7175354765383992,1.7141004055853222,0.7141004055853222,42,20
TSLA,2023-10-23,212.08,none,False,1.0,0.0,1.7182646533528172,0.7182646533528172,1.7182646533528172,0.7182646533528172,1.7148281240461114,0.7148281240461114,42,20
TSLA,2023-10-24,216.52,none,False,1.0,0.0,1.7542373761974348,0.7542373761974348,1.7542373761974348,0.7542373761974348,1.7507289014450398,0.7507289014450398,42,20
TSLA,2023-10-25,212.42,none,False,1.0,0.0,1.7210193213183957,0.7210193213183957,1.7210193213183957,0.7210193213183957,1.717577282675759,0.7175772826757589,42,20
TSLA,2023-10-26,205.76,none,False,1.0,0.0,1.6670602370514693,0.6670602370514693,1.6670602370514693,0.6670602370514693,1.6637261165773662,0.6637261165773662,42,20
TSLA,2023-10-27,207.3,none,False,1.0,0.0,1.6795372625426206,0.6795372625426206,1.6795372625426206,0.6795372625426206,1.676178188017535,0.676178188017535,42,20
TSLA,2023-10-30,197.36,none,False,1.0,0.0,1.5990037343724632,0.5990037343724632,1.5990037343724632,0.5990037343724632,1.595805726903718,0.595805726903718,42,20
TSLA,2023-10-31,200.84,none,False,1.0,0.0,1.6271985711966228,0.6271985711966228,1.6271985711966228,0.6271985711966228,1.6239441740542295,0.6239441740542295,42,20
TSLA,2023-11-01,205.66,none,False,1.0,0.0,1.666250040591005,0.666250040591005,1.666250040591005,0.666250040591005,1.662917540509823,0.6629175405098231,42,20
TSLA,2023-11-02,218.51,none,False,1.0,0.0,1.7703602857606753,0.7703602857606753,1.7703602857606753,0.7703602857606753,1.7668195651891538,0.7668195651891538,42,20
TSLA,2023-11-03,219.96,none,False,1.0,0.0,1.7821081344374088,0.7821081344374088,1.7821081344374088,0.7821081344374088,1.7785439181685339,0.7785439181685339,42,20
TSLA,2023-11-06,219.27,none,False,1.0,0.0,1.7765177788602047,0.7765177788602047,1.7765177788602047,0.7765177788602047,1.772964743302484,0.772964743302484,42,20
TSLA,2023-11-07,222.18,none,False,1.0,0.0,1.8000944958597176,0.8000944958597176,1.8000944958597176,0.8000944958597176,1.796494306867998,0.7964943068679979,42,20
TSLA,2023-11-08,222.11,none,False,1.0,0.0,1.7995273583373925,0.7995273583373925,1.7995273583373925,0.7995273583373925,1.7959283036207174,0.7959283036207174,42,20
TSLA,2023-11-09,209.98,none,False,1.0,0.0,1.7012505276830654,0.7012505276830654,1.7012505276830654,0.7012505276830654,1.6978480266276992,0.6978480266276992,42,20
TSLA,2023-11-10,214.65,none,False,1.0,0.0,1.7390867023867511,0.7390867023867511,1.7390867023867511,0.7390867023867511,1.7356085289819774,0.7356085289819774,42,20
TSLA,2023-11-13,223.71,none,False,1.0,0.0,1.8124905017048223,0.8124905017048223,1.8124905017048223,0.8124905017048223,1.8088655207014124,0.8088655207014124,42,20
TSLA,2023-11-14,237.41,none,False,1.0,0.0,1.9234874167884397,0.9234874167884397,1.9234874167884397,0.9234874167884397,1.9196404419548625,0.9196404419548625,42,20
TSLA,2023-11-15,242.84,none,False,1.0,0.0,1.9674810845916546,0.9674810845916546,1.9674810845916546,0.9674810845916546,1.963546122422471,0.9635461224224711,42,20
TSLA,2023-11-16,233.59,none,False,1.0,0.0,1.8925379119987011,0.8925379119987011,1.8925379119987011,0.8925379119987011,1.8887528361747037,0.8887528361747037,42,20
TSLA,2023-11-17,234.3,none,False,1.0,0.0,1.8982903068679982,0.8982903068679982,1.8982903068679982,0.8982903068679982,1.894493726254262,0.894493726254262,42,20
TSLA,2023-11-20,235.6,none,False,1.0,0.0,1.9088228608540347,0.9088228608540347,1.9088228608540347,0.9088228608540347,1.9050052151323265,0.9050052151323265,42,20
TSLA,2023-11-21,241.2,none,False,1.0,0.0,1.9541938626400388,0.9541938626400388,1.9541938626400388,0.9541938626400388,1.9502854749147587,0.9502854749147587,42,20
TSLA,2023-11-22,234.21,none,False,1.0,0.0,1.8975611300535802,0.8975611300535802,1.8975611300535802,0.8975611300535802,1.893766007793473,0.893766007793473,42,20
TSLA,2023-11-24,235.45,none,False,1.0,0.0,1.907607566163338,0.907607566163338,1.907607566163338,0.907607566163338,1.9037923510310113,0.9037923510310113,42,20
TSLA,2023-11-27,236.08,none,False,1.0,0.0,1.9127118038642639,0.9127118038642639,1.9127118038642639,0.9127118038642639,1.908886380256535,0.908886380256535,42,20
TSLA,2023-11-28,246.72,none,False,1.0,0.0,1.9989167072576717,0.9989167072576717,1.9989167072576717,0.9989167072576717,1.9949188738431562,0.9949188738431562,42,20
TSLA,2023-11-29,244.14,none,False,1.0,0.0,1.978013638577691,0.978013638577691,1.978013638577691,0.978013638577691,1.9740576113005355,0.9740576113005355,42,20
TSLA,2023-11-30,240.08,none,False,1.0,0.0,1.9451196622828382,0.9451196622828382,1.9451196622828382,0.9451196622828382,1.9412294229582725,0.9412294229582725,42,20
TSLA,2023-12-01,238.83,none,False,1.0,0.0,1.9349922065270337,0.9349922065270337,1.9349922065270337,0.9349922065270337,1.9311222221139794,0.9311222221139794,42,20
TSLA,2023-12-04,235.58,none,False,1.0,0.0,1.908660821561942,0.9086608215619421,1.908660821561942,0.9086608215619421,1.904843499918818,0.904843499918818,42,20
TSLA,2023-12-05,238.72,none,False,1.0,0.0,1.9341009904205229,0.9341009904205229,1.9341009904205229,0.9341009904205229,1.9302327884396815,0.9302327884396815,42,20
TSLA,2023-12-06,239.37,none,False,1.0,0.0,1.9393672674135412,0.9393672674135412,1.9393672674135412,0.9393672674135412,1.935488532878714,0.9354885328787139,42,20
TSLA,2023-12-07,242.64,none,False,1.0,0.0,1.9658606916707257,0.9658606916707257,1.9658606916707257,0.9658606916707257,1.961928970287384,0.9619289702873841,42,20
TSLA,2023-12-08,243.84,none,False,1.0,0.0,1.975583049196298,0.975583049196298,1.975583049196298,0.975583049196298,1.9716318830979054,0.9716318830979054,42,20
TSLA,2023-12-11,239.74,none,False,1.0,0.0,1.9423649943172594,0.9423649943172594,1.9423649943172594,0.9423649943172594,1.9384802643286247,0.9384802643286247,42,20
TSLA,2023-12-12,237.01,none,False,1.0,0.0,1.9202466309465822,0.9202466309465822,1.9202466309465822,0.9202466309465822,1.9164061376846888,0.9164061376846888,42,20
TSLA,2023-12-13,239.29,none,False,1.0,0.0,1.9387191102451695,0.9387191102451695,1.9387191102451695,0.9387191102451695,1.9348416720246793,0.9348416720246793,42,20
TSLA,2023-12-14,251.05,none,False,1.0,0.0,2.0339982139957784,1.0339982139957784,2.0339982139957784,1.0339982139957784,2.0299302175677867,1.0299302175677867,42,20
TSLA,2023-12-15,253.5,none,False,1.0,0.0,2.0538480272771555,1.0538480272771555,2.0538480272771555,1.0538480272771555,2.0497403312226012,1.0497403312226012,42,20
TSLA,2023-12-18,252.08,none,False,1.0,0.0,2.0423432375385615,1.0423432375385615,2.0423432375385615,1.0423432375385615,2.0382585510634845,1.0382585510634845,42,20
TSLA,2023-12-19,257.22,none,False,1.0,0.0,2.08398733560643,1.0839873356064298,2.08398733560643,1.0839873356064298,2.079819360935217,1.079819360935217,42,20
TSLA,2023-12-20,247.14,none,False,1.0,0.0,2.002319532391622,1.0023195323916219,2.002319532391622,1.0023195323916219,1.9983148933268386,0.9983148933268386,42,20
TSLA,2023-12-21,254.5,none,False,1.0,0.0,2.061949991881799,1.0619499918817992,2.061949991881799,1.0619499918817992,2.0578260918980353,1.0578260918980353,42,20
TSLA,2023-12-22,252.54,none,False,1.0,0.0,2.0460701412566973,1.0460701412566973,2.0460701412566973,1.0460701412566973,2.0419780009741837,1.0419780009741837,42,20
TSLA,2023-12-26,256.61,none,False,1.0,0.0,2.079045137197597,1.079045137197597,2.079045137197597,1.079045137197597,2.0748870469232017,1.0748870469232017,42,20
TSLA,2023-12-27,261.44,none,False,1.0,0.0,2.1181776262380256,1.1181776262380256,2.1181776262380256,1.1181776262380256,2.113941270985549,1.1139412709855492,42,20
TSLA,2023-12-28,253.18,none,False,1.0,0.0,2.0512553986036695,1.0512553986036695,2.0512553986036695,1.0512553986036695,2.047152887806462,1.0471528878064622,42,20
TSLA,2023-12-29,248.48,none,False,1.0,0.0,2.0131761649618443,1.0131761649618443,2.0131761649618443,1.0131761649618443,2.0091498126319207,1.0091498126319207,42,20
TSLA,2024-01-02,248.42,none,False,1.0,0.0,2.0126900470855658,1.0126900470855658,2.0126900470855658,1.0126900470855658,2.008664666991394,1.0086646669913941,42,20
TSLA,2024-01-03,238.45,none,False,1.0,0.0,1.931913459977269,0.9319134599772689,1.931913459977269,0.9319134599772689,1.9280496330573145,0.9280496330573145,42,20
TSLA,2024-01-04,237.93,none,False,1.0,0.0,1.9277004383828544,0.9277004383828544,1.9277004383828544,0.9277004383828544,1.9238450375060885,0.9238450375060885,42,20
TSLA,2024-01-05,237.49,none,False,1.0,0.0,1.9241355739568113,0.9241355739568113,1.9241355739568113,0.9241355739568113,1.9202873028088978,0.9202873028088978,42,20
TSLA,2024-01-08,240.45,none,False,1.0,0.0,1.9481173891865562,0.9481173891865562,1.9481173891865562,0.9481173891865562,1.944221154408183,0.9442211544081831,42,20
TSLA,2024-01-09,234.96,none,False,1.0,0.0,1.9036376035070628,0.9036376035070628,1.9036376035070628,0.9036376035070628,1.8998303283000486,0.8998303283000486,42,20
TSLA,2024-01-10,233.94,none,False,1.0,0.0,1.8953735996103263,0.8953735996103263,1.8953735996103263,0.8953735996103263,1.8915828524111056,0.8915828524111056,42,20
TSLA,2024-01-11,227.22,none,False,1.0,0.0,1.8409283974671213,0.8409283974671213,1.8409283974671213,0.8409283974671213,1.837246540672187,0.837246540672187,42,20
TSLA,2024-01-12,218.89,none,False,1.0,0.0,1.7734390323104399,0.7734390323104399,1.7734390323104399,0.7734390323104399,1.769892154245819,0.769892154245819,42,20
TSLA,2024-01-16,219.91,none,False,1.0,0.0,1.7817030362071764,0.7817030362071764,1.7817030362071764,0.7817030362071764,1.778139630134762,0.7781396301347621,42,20
TSLA,2024-01-17,215.55,none,False,1.0,0.0,1.7463784705309304,0.7463784705309304,1.7463784705309304,0.7463784705309304,1.7428857135898683,0.7428857135898683,42,20
TSLA,2024-01-18,211.88,none,False,1.0,0.0,1.7166442604318883,0.7166442604318883,1.7166442604318883,0.7166442604318883,1.7132109719110242,0.7132109719110242,42,20
TSLA,2024-01-19,212.19,none,False,1.0,0.0,1.7191558694593279,0.7191558694593279,1.7191558694593279,0.7191558694593279,1.7157175577204091,0.7157175577204091,42,20
TSLA,2024-01-22,208.8,none,False,1.0,0.0,1.691690209449586,0.691690209449586,1.691690209449586,0.691690209449586,1.6883068290306869,0.6883068290306869,42,20
TSLA,2024-01-23,209.14,none,False,1.0,0.0,1.6944448774151646,0.6944448774151646,1.6944448774151646,0.6944448774151646,1.6910559876603342,0.6910559876603342,42,20
TSLA,2024-01-24,207.83,none,False,1.0,0.0,1.6838313037830817,0.6838313037830817,1.6838313037830817,0.6838313037830817,1.6804636411755154,0.6804636411755154,42,20
TSLA,2024-01-25,182.63,none,False,1.0,0.0,1.4796617957460627,0.4796617957460627,1.4796617957460627,0.4796617957460627,1.4767024721545703,0.4767024721545703,42,20
TSLA,2024-01-26,183.25,none,False,1.0,0.0,1.4846850138009418,0.48468501380094176,1.4846850138009418,0.48468501380094176,1.4817156437733396,0.48171564377333964,42,20
TSLA,2024-01-29,190.93,none,False,1.0,0.0,1.5469081019646047,0.5469081019646047,1.5469081019646047,0.5469081019646047,1.5438142857606754,0.5438142857606754,42,20
TSLA,2024-01-30,191.59,none,False,1.0,0.0,1.5522553986036693,0.5522553986036693,1.5522553986036693,0.5522553986036693,1.549150887806462,0.5491508878064619,42,20
TSLA,2024-01-31,187.29,none,False,1.0,0.0,1.5174169508037019,0.5174169508037019,1.5174169508037019,0.5174169508037019,1.5143821169020946,0.5143821169020946,42,20
TSLA,2024-02-01,188.86,none,False,1.0,0.0,1.5301370352329924,0.5301370352329924,1.5301370352329924,0.5301370352329924,1.5270767611625264,0.5270767611625264,42,20
TSLA,2024-02-02,187.91,none,False,1.0,0.0,1.522440168858581,0.5224401688585809,1.522440168858581,0.5224401688585809,1.5193952885208637,0.5193952885208637,42,20
TSLA,2024-02-05,181.06,none,False,1.0,0.0,1.4669417113167722,0.4669417113167722,1.4669417113167722,0.4669417113167722,1.4640078278941386,0.46400782789413864,42,20
TSLA,2024-02-06,185.1,none,False,1.0,0.0,1.4996736483195323,0.4996736483195323,1.4996736483195323,0.4996736483195323,1.4966743010228933,0.49667430102289334,42,20
TSLA,2024-02-07,187.58,none,False,1.0,0.0,1.5197665205390487,0.5197665205390487,1.5197665205390487,0.5197665205390487,1.5167269874979703,0.5167269874979703,42,20
TSLA,2024-02-08,189.56,none,False,1.0,0.0,1.5358084104562428,0.5358084104562428,1.5358084104562428,0.5358084104562428,1.5327367936353302,0.5327367936353302,42,20
TSLA,2024-02-09,193.57,none,False,1.0,0.0,1.5682972885208637,0.5682972885208637,1.5682972885208637,0.5682972885208637,1.565160693943822,0.5651606939438221,42,20
TSLA,2024-02-12,188.13,none,False,1.0,0.0,1.5242226010716025,0.5242226010716025,1.5242226010716025,0.5242226010716025,1.5211741558694591,0.5211741558694591,42,20
TSLA,2024-02-13,184.02,none,False,1.0,0.0,1.4909235265465173,0.4909235265465173,1.4909235265465173,0.4909235265465173,1.4879416794934242,0.48794167949342415,42,20
TSLA,2024-02-14,188.71,none,False,1.0,0.0,1.528921740542296,0.5289217405422959,1.528921740542296,0.5289217405422959,1.5258638970612113,0.5258638970612113,42,20
TSLA,2024-02-15,200.45,none,False,1.0,0.0,1.6240388050008117,0.6240388050008117,1.6240388050008117,0.6240388050008117,1.62079072739081,0.62079072739081,42,20
TSLA,2024-02-16,199.95,none,False,1.0,0.0,1.6199878226984898,0.6199878226984898,1.6199878226984898,0.6199878226984898,1.616747847053093,0.6167478470530929,42,20
TSLA,2024-02-20,193.76,none,False,1.0,0.0,1.569836661795746,0.569836661795746,1.569836661795746,0.569836661795746,1.5666969884721542,0.5666969884721542,42,20
TSLA,2024-02-21,194.77,none,False,1.0,0.0,1.5780196460464362,0.5780196460464362,1.5780196460464362,0.5780196460464362,1.5748636067543433,0.5748636067543433,42,20
TSLA,2024-02-22,197.41,none,False,1.0,0.0,1.5994088326026952,0.5994088326026952,1.5994088326026952,0.5994088326026952,1.5962100149374898,0.5962100149374898,42,20
TSLA,2024-02-23,191.97,none,False,1.0,0.0,1.555334145153434,0.5553341451534339,1.555334145153434,0.5553341451534339,1.5522234768631271,0.5522234768631271,42,20
TSLA,2024-02-26,199.4,none,False,1.0,0.0,1.615531742165936,0.6155317421659361,1.615531742165936,0.6155317421659361,1.6123006786816043,0.6123006786816043,42,20
TSLA,2024-02-27,199.73,none,False,1.0,0.0,1.6182053904854683,0.6182053904854683,1.6182053904854683,0.6182053904854683,1.6149689797044973,0.6149689797044973,42,20
TSLA,2024-02-28,202.04,none,False,1.0,0.0,1.636920928722195,0.6369209287221951,1.636920928722195,0.6369209287221951,1.6336470868647506,0.6336470868647506,42,20
TSLA,2024-02-29,201.88,none,False,1.0,0.0,1.635624614385452,0.635624614385452,1.635624614385452,0.635624614385452,1.632353365156681,0.6323533651566811,42,20
TSLA,2024-03-01,202.64,none,False,1.0,0.0,1.6417821074849812,0.6417821074849812,1.6417821074849812,0.6417821074849812,1.6384985432700112,0.6384985432700112,42,20
TSLA,2024-03-04,188.13,none,False,1.0,0.0,1.5242226010716025,0.5242226010716025,1.5242226010716025,0.5242226010716025,1.5211741558694591,0.5211741558694591,42,20
TSLA,2024-03-05,180.74,none,False,1.0,0.0,1.4643490826432863,0.46434908264328634,1.4643490826432863,0.46434908264328634,1.4614203844779996,0.4614203844779996,42,20
TSLA,2024-03-06,176.54,none,False,1.0,0.0,1.430320831303783,0.43032083130378296,1.430320831303783,0.43032083130378296,1.4274601896411754,0.4274601896411754,42,20
TSLA,2024-03-07,178.65,none,False,1.0,0.0,1.447415976619581,0.4474159766195811,1.447415976619581,0.4474159766195811,1.444521144666342,0.44452114466634196,42,20
TSLA,2024-03-08,175.34,none,False,1.0,0.0,1.4205984737782107,0.4205984737782107,1.4205984737782107,0.4205984737782107,1.4177572768306543,0.41775727683065433,42,20
TSLA,2024-03-11,177.77,none,False,1.0,0.0,1.4402862477674947,0.4402862477674947,1.4402862477674947,0.4402862477674947,1.4374056752719597,0.4374056752719597,42,20
TSLA,2024-03-12,177.54,none,False,1.0,0.0,1.4384227959084266,0.4384227959084266,1.4384227959084266,0.4384227959084266,1.4355459503166097,0.4355459503166097,42,20
TSLA,2024-03-13,169.48,none,False,1.0,0.0,1.373120961194999,0.37312096119499905,1.373120961194999,0.37312096119499905,1.370374719272609,0.370374719272609,42,20
TSLA,2024-03-14,162.5,none,False,1.0,0.0,1.3165692482545868,0.31656924825458677,1.3165692482545868,0.31656924825458677,1.3139361097580775,0.3139361097580775,42,20
TSLA,2024-03-15,163.57,none,False,1.0,0.0,1.3252383503815555,0.32523835038155546,1.3252383503815555,0.32523835038155546,1.3225878736807921,0.3225878736807921,42,20
TSLA,2024-03-18,173.8,none,False,1.0,0.0,1.4081214482870597,0.40812144828705965,1.4081214482870597,0.40812144828705965,1.4053052053904855,0.40530520539048553,42,20
TSLA,2024-03-19,171.32,buy,True,0.9979999999999999,-0.002000000000000113,1.3880285760675433,0.38802857606754326,1.3880285760675433,0.38802857606754326,1.3852525189154081,0.3852525189154081,42,20
TSLA,2024-03-20,175.66,none,False,1.0232820452953537,0.023282045295353715,1.4231911024516966,0.42319110245169655,1.4231911024516966,0.42319110245169655,1.4203447202467931,0.42034472024679315,42,20
TSLA,2024-03-21,172.82,none,False,1.006738034088256,0.0067380340882559064,1.4001815229745087,0.4001815229745087,1.4001815229745087,0.4001815229745087,1.3973811599285597,0.3973811599285597,42,20
TSLA,2024-03-22,170.83,none,False,0.9951455755311698,-0.004854424468830221,1.3840586134112682,0.38405861341126823,1.3840586134112682,0.38405861341126823,1.3812904961844454,0.38129049618444544,42,20
TSLA,2024-03-25,172.63,none,False,1.0056312164370769,0.005631216437076869,1.3986421496996264,0.3986421496996264,1.3986421496996264,0.3986421496996264,1.3958448654002271,0.3958448654002271,42,20
TSLA,2024-03-26,177.67,none,False,1.0349910109736165,0.034991010973616454,1.4394760513070302,0.43947605130703016,1.4394760513070302,0.43947605130703016,1.4365970992044161,0.43659709920441614,42,20
TSLA,2024-03-27,179.83,none,False,1.0475737800607052,0.04757378006070523,1.4569762948530607,0.4569762948530607,1.4569762948530607,0.4569762948530607,1.4540623422633543,0.4540623422633543,42,20
TSLA,2024-03-28,175.79,none,False,1.0240393415830025,0.02403934158300247,1.4242443578503003,0.42424435785030035,1.4242443578503003,0.42424435785030035,1.4213958691345996,0.4213958691345996,42,20
TSLA,2024-04-01,175.22,none,False,1.0207188886294654,0.02071888862946536,1.4196262380256535,0.41962623802565346,1.4196262380256535,0.41962623802565346,1.4167869855496023,0.41678698554960225,42,20
TSLA,2024-04-02,166.63,none,False,0.9706790800840532,-0.029320919915946764,1.3500303620717649,0.35003036207176486,1.3500303620717649,0.35003036207176486,1.347330301347621,0.347330301347621,42,20
TSLA,2024-04-03,168.38,none,False,0.9808734531870184,-0.01912654681298165,1.364208800129891,0.3642088001298911,1.364208800129891,0.3642088001298911,1.3614803825296313,0.36148038252963133,42,20
TSLA,2024-04-04,171.11,none,False,0.9967766752276442,-0.0032233247723557623,1.3863271635005683,0.3863271635005683,1.3863271635005683,0.3863271635005683,1.383554509173567,0.38355450917356704,42,20
TSLA,2024-04-05,164.9,none,False,0.9606012141022647,-0.03939878589773527,1.3360139633057315,0.3360139633057315,1.3360139633057315,0.3360139633057315,1.3333419353791198,0.3333419353791198,42,20
TSLA,2024-04-08,172.98,none,False,1.0076700910576697,0.007670091057669692,1.4014778373112518,0.40147783731125175,1.4014778373112518,0.40147783731125175,1.3986748816366292,0.39867488163662923,42,20
TSLA,2024-04-09,176.88,none,False,1.030388979687135,0.030388979687135054,1.433075499269362,0.43307549926936195,1.433075499269362,0.43307549926936195,1.430209348270823,0.4302093482708229,42,20
TSLA,2024-04-10,171.76,none,False,1.0005631566658884,0.0005631566658883536,1.3915934404935866,0.3915934404935866,1.3915934404935866,0.3915934404935866,1.3888102536125992,0.38881025361259924,42,20
TSLA,2024-04-11,174.6,none,False,1.0171071678729862,0.017107167872986162,1.4146030199707744,0.4146030199707744,1.4146030199707744,0.4146030199707744,1.411773813930833,0.4117738139308329,42,20
TSLA,2024-04-12,171.05,none,False,0.996427153864114,-0.003572846135886043,1.3858410456242898,0.3858410456242898,1.3858410456242898,0.3858410456242898,1.383069363533041,0.3830693635330411,42,20
TSLA,2024-04-15,161.48,none,False,0.9406784963810413,-0.059321503618958715,1.3083052443578502,0.3083052443578502,1.3083052443578502,0.3083052443578502,1.3056886338691345,0.3056886338691345,42,20
TSLA,2024-04-16,157.11,none,False,0.9152216904039225,-0.08477830959607746,1.272899659035558,0.2728996590355579,1.272899659035558,0.2728996590355579,1.2703538597174866,0.2703538597174866,42,20
TSLA,2024-04-17,155.45,none,False,0.9055515993462525,-0.09444840065374749,1.2594503977918492,0.2594503977918492,1.2594503977918492,0.2594503977918492,1.2569314969962655,0.2569314969962655,42,20
TSLA,2024-04-18,149.93,none,False,0.8733956339014709,-0.1266043660985291,1.2147275531742165,0.21472755317421655,1.2147275531742165,0.21472755317421655,1.2122980980678681,0.21229809806786815,42,20
TSLA,2024-04-19,147.05,none,False,0.8566186084520196,-0.14338139154798035,1.191393895112843,0.1913938951128431,1.191393895112843,0.1913938951128431,1.1890111073226173,0.18901110732261728,42,20
TSLA,2024-04-22,142.05,none,False,0.8274918281578333,-0.1725081718421667,1.150884072089625,0.15088407208962495,1.150884072089625,0.15088407208962495,1.1485823039454457,0.1485823039454457,42,20
TSLA,2024-04-23,144.68,none,False,0.8428125145925753,-0.15718748540742467,1.1721922389998376,0.1721922389998376,1.1721922389998376,0.1721922389998376,1.169847854521838,0.16984785452183804,42,20
TSLA,2024-04-24,162.13,none,False,0.9444649778192855,-0.05553502218071449,1.3135715213508685,0.3135715213508685,1.3135715213508685,0.3135715213508685,1.3109443783081667,0.3109443783081667,42,20
TSLA,2024-04-25,170.18,buy,True,0.9913590940929256,-0.008640905907074448,1.3787923364182497,0.3787923364182497,1.3787923364182497,0.3787923364182497,1.3760347517454132,0.37603475174541323,42,20
TSLA,2024-04-26,168.29,none,False,0.980349171141723,-0.01965082885827696,1.3634796233154731,0.3634796233154731,1.3634796233154731,0.3634796233154731,1.360752664068842,0.3607526640688421,42,20
TSLA,2024-04-29,194.05,none,False,1.130410343217371,0.1304103432173711,1.5721862315310928,0.5721862315310928,1.5721862315310928,0.5721862315310928,1.5690418590680306,0.5690418590680306,42,20
TSLA,2024-04-30,183.28,none,False,1.0676712584636936,0.0676712584636936,1.484928072739081,0.484928072739081,1.484928072739081,0.484928072739081,1.4819582165936027,0.4819582165936027,42,20
TSLA,2024-05-01,179.99,none,False,1.048505837030119,0.048505837030119014,1.4582726091898035,0.4582726091898035,1.4582726091898035,0.4582726091898035,1.4553560639714238,0.4553560639714238,42,20
TSLA,2024-05-02,180.01,none,False,1.0486223441512958,0.04862234415129585,1.4584346484818964,0.4584346484818964,1.4584346484818964,0.4584346484818964,1.4555177791849323,0.4555177791849323,42,20
TSLA,2024-05-03,181.19,none,False,1.0554962643007237,0.05549626430072374,1.4679949667153758,0.46799496671537577,1.4679949667153758,0.46799496671537577,1.465058976781945,0.4650589767819451,42,20
TSLA,2024-05-06,184.76,none,False,1.0762927854307727,0.07629278543077267,1.4969189803539535,0.49691898035395354,1.4969189803539535,0.49691898035395354,1.4939251423932454,0.49392514239324536,42,20
TSLA,2024-05-07,177.81,none,False,1.0358065608218539,0.03580656082185385,1.4406103263516805,0.4406103263516805,1.4406103263516805,0.4406103263516805,1.437729105698977,0.43772910569897694,42,20
TSLA,2024-05-08,174.72,none,False,1.0178062106000467,0.017806210600046724,1.4155752557233316,0.41557525572333165,1.4155752557233316,0.41557525572333165,1.412744105211885,0.412744105211885,42,20
TSLA,2024-05-09,171.97,none,False,1.0017864814382442,0.0017864814382442251,1.3932948530605618,0.3932948530605618,1.3932948530605618,0.3932948530605618,1.3905082633544406,0.39050826335444055,42,20
TSLA,2024-05-10,168.47,none,False,0.9813977352323138,-0.018602264767686227,1.364937976944309,0.3649379769443091,1.364937976944309,0.3649379769443091,1.3622081009904206,0.36220810099042056,42,20
TSLA,2024-05-13,171.89,none,False,1.001320452953537,0.0013204529535371101,1.3926466958921901,0.39264669589219015,1.3926466958921901,0.39264669589219015,1.3898614025004057,0.3898614025004057,42,20
TSLA,2024-05-14,177.55,none,False,1.0342919682465561,0.034291968246556115,1.4385038155544732,0.43850381555447315,1.4385038155544732,0.43850381555447315,1.4356268079233643,0.4356268079233643,42,20
TSLA,2024-05-15,173.99,none,False,1.0135537006770956,0.013553700677095604,1.409660821561942,0.40966082156194195,1.409660821561942,0.40966082156194195,1.4068414999188181,0.40684149991881813,42,20
TSLA,2024-05-16,174.84,none,False,1.018505253327107,0.018505253327107063,1.4165474914758889,0.4165474914758889,1.4165474914758889,0.4165474914758889,1.413714396492937,0.41371439649293706,42,20
TSLA,2024-05-17,177.46,none,False,1.0337676862012608,0.033767686201260805,1.4377746387400552,0.4377746387400552,1.4377746387400552,0.4377746387400552,1.434899089462575,0.43489908946257505,42,20
TSLA,2024-05-20,174.95,none,False,1.0191460424935792,0.019146042493579207,1.4174387075823995,0.41743870758239954,1.4174387075823995,0.41743870758239954,1.4146038301672348,0.4146038301672348,42,20
TSLA,2024-05-21,186.6,none,False,1.0870114405790334,0.08701144057903343,1.5118265952264978,0.5118265952264978,1.5118265952264978,0.5118265952264978,1.5088029420360445,0.5088029420360445,42,20
TSLA,2024-05-22,180.11,none,False,1.0492048797571796,0.049204879757179576,1.459244844942361,0.45924484494236095,1.459244844942361,0.45924484494236095,1.4563263552524761,0.4563263552524761,42,20
TSLA,2024-05-23,173.74,none,False,1.0120973616623863,0.012097361662386286,1.407635330410781,0.4076353304107809,1.407635330410781,0.4076353304107809,1.4048200597499594,0.4048200597499594,42,20
TSLA,2024-05-24,179.24,none,False,1.044136819985991,0.04413681998599106,1.452196135736321,0.4521961357363209,1.452196135736321,0.4521961357363209,1.4492917434648482,0.44929174346484824,42,20
TSLA,2024-05-28,176.75,none,False,1.0296316833994863,0.029631683399486297,1.4320222438707582,0.43202224387075816,1.4320222438707582,0.43202224387075816,1.4291581993830167,0.4291581993830167,42,20
TSLA,2024-05-29,176.19,none,False,1.0263694840065374,0.02636948400653738,1.4274851436921578,0.42748514369215784,1.4274851436921578,0.42748514369215784,1.4246301734047735,0.4246301734047735,42,20
TSLA,2024-05-30,178.79,none,False,1.0415154097595143,0.04151540975951429,1.4485502516642312,0.44855025166423124,1.4485502516642312,0.44855025166423124,1.4456531511609025,0.44565315116090254,42,20
TSLA,2024-05-31,178.08,none,False,1.03737940695774,0.03737940695774,1.4427978567949344,0.44279785679493444,1.4427978567949344,0.44279785679493444,1.4399122610813444,0.4399122610813444,42,20
TSLA,2024-06-03,176.29,none,False,1.026952019612421,0.026952019612421108,1.4282953401526222,0.42829534015262216,1.4282953401526222,0.42829534015262216,1.4254387494723169,0.42543874947231686,42,20
TSLA,2024-06-04,174.77,none,False,1.0180974784029886,0.018097478402988587,1.415980353953564,0.41598035395356403,1.415980353953564,0.41598035395356403,1.4131483932456568,0.4131483932456568,42,20
TSLA,2024-06-05,175.0,none,False,1.019437310296521,0.01943731029652107,1.417843805812632,0.4178438058126319,1.417843805812632,0.4178438058126319,1.4150081182010064,0.41500811820100636,42,20
TSLA,2024-06-06,177.94,none,False,1.0365638571095026,0.03656385710950261,1.441663581750284,0.4416635817502841,1.441663581750284,0.4416635817502841,1.4387802545867836,0.4387802545867836,42,20
TSLA,2024-06-07,177.48,none,False,1.0338841933224374,0.03388419332243742,1.437936678032148,0.4379366780321481,1.437936678032148,0.4379366780321481,1.4350608046760835,0.43506080467608355,42,20
TSLA,2024-06-10,173.79,none,False,1.012388629465328,0.012388629465327927,1.408040428641013,0.4080404286410131,1.408040428641013,0.4080404286410131,1.4052243477837307,0.40522434778373073,42,20
TSLA,2024-06-11,170.66,none,False,0.9941552650011674,-0.005844734998832646,1.3826812794284786,0.3826812794284786,1.3826812794284786,0.3826812794284786,1.3799159168696216,0.37991591686962156,42,20
TSLA,2024-06-12,177.29,none,False,1.0327773756712584,0.03277737567125838,1.4363973047572658,0.4363973047572658,1.4363973047572658,0.4363973047572658,1.433524510147751,0.43352451014775095,42,20
TSLA,2024-06-13,182.47,none,False,1.0629527200560354,0.06295272005603536,1.4783654814093197,0.47836548140931967,1.4783654814093197,0.47836548140931967,1.475408750446501,0.475408750446501,42,20
TSLA,2024-06-14,178.01,none,False,1.0369716320336213,0.036971632033621304,1.4422307192726092,0.44223071927260915,1.4422307192726092,0.44223071927260915,1.439346257834064,0.4393462578340639,42,20
TSLA,2024-06-17,187.44,none,False,1.0919047396684567,0.09190473966845669,1.5186322454943983,0.5186322454943983,1.5186322454943983,0.5186322454943983,1.5155949810034095,0.5155949810034095,42,20
TSLA,2024-06-18,184.86,none,False,1.0768753210366566,0.07687532103665662,1.497729176814418,0.4977291768144181,1.497729176814418,0.4977291768144181,1.494733718460789,0.49473371846078895,42,20
TSLA,2024-06-20,181.57,none,False,1.0577098996030818,0.057709899603081816,1.4710737132651404,0.47107371326514036,1.4710737132651404,0.47107371326514036,1.46813156583861,0.46813156583861004,42,20
TSLA,2024-06-21,183.01,none,False,1.0660984123278074,0.06609841232780744,1.482740542295827,0.4827405422958271,1.482740542295827,0.4827405422958271,1.4797750612112355,0.4797750612112355,42,20
TSLA,2024-06-24,182.58,none,False,1.0635935092225077,0.06359350922250773,1.4792566975158306,0.47925669751583055,1.4792566975158306,0.47925669751583055,1.4762981841207987,0.4762981841207987,42,20
TSLA,2024-06-25,187.35,none,False,1.0913804576231614,0.09138045762316138,1.5179030686799804,0.5179030686799804,1.5179030686799804,0.5179030686799804,1.5148672625426205,0.5148672625426205,42,20
TSLA,2024-06-26,196.37,none,False,1.1439251692738734,0.14392516927387344,1.590982789413866,0.590982789413866,1.590982789413866,0.590982789413866,1.587800823835038,0.5878008238350381,42,20
TSLA,2024-06-27,197.42,none,False,1.1500417931356526,0.15004179313565258,1.5994898522487415,0.5994898522487415,1.5994898522487415,0.5994898522487415,1.5962908725442437,0.5962908725442437,42,20
TSLA,2024-06-28,197.88,none,False,1.1527214569227178,0.15272145692271777,1.6032167559668777,0.6032167559668777,1.6032167559668777,0.6032167559668777,1.6000103224549438,0.6000103224549438,42,20
TSLA,2024-07-01,209.86,none,False,1.2225092225075882,0.2225092225075882,1.7002782919305084,0.7002782919305084,1.7002782919305084,0.7002782919305084,1.696877735346647,0.6968777353466471,42,20
TSLA,2024-07-02,231.26,none,False,1.3471718421667056,0.3471718421667056,1.8736603344698814,0.8736603344698814,1.8736603344698814,0.8736603344698814,1.8699130138009417,0.8699130138009417,42,20
TSLA,2024-07-03,246.39,none,False,1.4353094793369132,0.4353094793369132,1.9962430589381392,0.9962430589381392,1.9962430589381392,0.9962430589381392,1.9922505728202629,0.9922505728202629,42,20
TSLA,2024-07-05,251.52,none,False,1.4651935559187486,0.46519355591874856,2.037806137359961,1.037806137359961,2.037806137359961,1.037806137359961,2.033730525085241,1.0337305250852409,42,20
TSLA,2024-07-08,252.94,none,False,1.4734655615222974,0.47346556152229735,2.049310927098555,1.049310927098555,2.049310927098555,1.049310927098555,2.0452123052443576,1.0452123052443576,42,20
TSLA,2024-07-09,262.33,none,False,1.5281656549147793,0.5281656549147793,2.125388374736158,1.1253883747361582,2.125388374736158,1.1253883747361582,2.121137597986686,1.121137597986686,42,20
TSLA,2024-07-10,263.26,none,False,1.5335832360494979,0.5335832360494979,2.132923201818477,1.132923201818477,2.132923201818477,1.132923201818477,2.1286573554148394,1.1286573554148394,42,20
TSLA,2024-07-11,241.03,none,False,1.4040855708615456,0.4040855708615456,1.9528165286572496,0.9528165286572496,1.9528165286572496,0.9528165286572496,1.948910895599935,0.948910895599935,42,20
TSLA,2024-07-12,248.23,none,False,1.4460281344851738,0.44602813448517376,2.0111506738106835,1.0111506738106835,2.0111506738106835,1.0111506738106835,2.007128372463062,1.007128372463062,42,20
TSLA,2024-07-15,252.64,none,False,1.4717179547046462,0.47171795470464617,2.0468803377171616,1.0468803377171616,2.0468803377171616,1.0468803377171616,2.0427865770417273,1.0427865770417273,42,20
TSLA,2024-07-16,256.56,none,False,1.4945533504552884,0.49455335045528837,2.078640038967365,1.078640038967365,2.078640038967365,1.078640038967365,2.0744827588894297,1.0744827588894297,42,20
TSLA,2024-07-17,248.5,none,False,1.44760098062106,0.4476009806210599,2.0133382042539374,1.0133382042539374,2.0133382042539374,1.0133382042539374,2.0093115278454294,1.0093115278454294,42,20
TSLA,2024-07-18,249.23,none,False,1.451853490544011,0.451853490544011,2.019252638415327,1.019252638415327,2.019252638415327,1.019252638415327,2.015214133138496,1.015214133138496,42,20
TSLA,2024-07-19,239.2,none,False,1.3934251692738733,0.3934251692738733,1.9379899334307515,0.9379899334307515,1.9379899334307515,0.9379899334307515,1.93411395356389,0.93411395356389,42,20
TSLA,2024-07-22,251.51,none,False,1.4651353023581601,0.46513530235816014,2.0377251177139146,1.0377251177139146,2.0377251177139146,1.0377251177139146,2.0336496674784863,1.0336496674784863,42,20
TSLA,2024-07-23,246.38,none,False,1.435251225776325,0.435251225776325,1.996162039292093,0.9961620392920929,1.996162039292093,0.9961620392920929,1.9921697152135087,0.9921697152135087,42,20
TSLA,2024-07-24,215.99,none,False,1.2582186551482606,0.2582186551482606,1.7499433349569735,0.7499433349569735,1.7499433349569735,0.7499433349569735,1.7464434482870597,0.7464434482870597,42,20
TSLA,2024-07-25,220.25,none,False,1.2830346719589072,0.2830346719589072,1.7844577041727554,0.7844577041727554,1.7844577041727554,0.7844577041727554,1.7808887887644096,0.7808887887644096,42,20
TSLA,2024-07-26,219.8,none,False,1.2804132617324306,0.28041326173243064,1.7808118201006657,0.7808118201006657,1.7808118201006657,0.7808118201006657,1.7772501964604643,0.7772501964604643,42,20
TSLA,2024-07-29,232.1,none,False,1.3520651412561289,0.35206514125612887,1.880465984737782,0.880465984737782,1.880465984737782,0.880465984737782,1.8767050527683065,0.8767050527683065,42,20
TSLA,2024-07-30,222.62,none,False,1.2968407658183516,0.2968407658183516,1.8036593602857607,0.8036593602857607,1.8036593602857607,0.8036593602857607,1.800052041565189,0.800052041565189,42,20
TSLA,2024-07-31,232.07,none,False,1.3518903805743636,0.3518903805743636,1.8802229257996428,0.8802229257996428,1.8802229257996428,0.8802229257996428,1.8764624799480436,0.8764624799480436,42,20
TSLA,2024-08-01,216.86,none,False,1.263286714919449,0.2632867149194491,1.7569920441630136,0.7569920441630136,1.7569920441630136,0.7569920441630136,1.7534780600746873,0.7534780600746873,42,20
TSLA,2024-08-02,207.67,none,False,1.2097516927387344,0.2097516927387344,1.6825349894463386,0.6825349894463386,1.6825349894463386,0.6825349894463386,1.6791699194674456,0.6791699194674456,42,20
TSLA,2024-08-05,198.88,none,False,1.158546812981555,0.15854681298155504,1.6113187205715214,0.6113187205715214,1.6113187205715214,0.6113187205715214,1.608096083130378,0.6080960831303781,42,20
TSLA,2024-08-06,200.64,none,False,1.1687994396451085,0.16879943964510846,1.625578178275694,0.625578178275694,1.625578178275694,0.625578178275694,1.6223270219191426,0.6223270219191426,42,20
TSLA,2024-08-07,191.76,none,False,1.1170702778426336,0.11707027784263357,1.5536327325864587,0.5536327325864587,1.5536327325864587,0.5536327325864587,1.5505254671212858,0.5505254671212858,42,20
TSLA,2024-08-08,198.84,none,False,1.1583137987392016,0.1583137987392016,1.6109946419873356,0.6109946419873356,1.6109946419873356,0.6109946419873356,1.607772652703361,0.6077726527033609,42,20
TSLA,2024-08-09,200.0,none,False,1.1650712117674527,0.16507121176745265,1.6203929209287222,0.6203929209287222,1.6203929209287222,0.6203929209287222,1.6171521350868645,0.6171521350868645,42,20
TSLA,2024-08-12,197.49,none,False,1.1504495680597713,0.15044956805977128,1.6000569897710668,0.6000569897710668,1.6000569897710668,0.6000569897710668,1.5968568757915245,0.5968568757915245,42,20
TSLA,2024-08-13,207.83,none,False,1.2106837497081486,0.21068374970814863,1.6838313037830817,0.6838313037830817,1.6838313037830817,0.6838313037830817,1.6804636411755154,0.6804636411755154,42,20
TSLA,2024-08-14,201.38,none,False,1.173110203128648,0.173110203128648,1.6315736320831302,0.6315736320831302,1.6315736320831302,0.6315736320831302,1.628310484818964,0.628310484818964,42,20
TSLA,2024-08-15,214.14,none,False,1.2474417464394114,0.24744174643941141,1.7349547004383827,0.7349547004383827,1.7349547004383827,0.7349547004383827,1.7314847910375057,0.7314847910375057,42,20
TSLA,2024-08-16,216.12,none,False,1.2589759514359093,0.25897595143590935,1.7509965903555773,0.7509965903555773,1.7509965903555773,0.7509965903555773,1.747494597174866,0.7474945971748661,42,20
TSLA,2024-08-19,222.72,none,False,1.2974233014242353,0.29742330142423534,1.804469556746225,0.804469556746225,1.804469556746225,0.804469556746225,1.8008606176327324,0.8008606176327324,42,20
TSLA,2024-08-20,221.1,none,False,1.2879862246089189,0.2879862246089189,1.7913443740867023,0.7913443740867023,1.7913443740867023,0.7913443740867023,1.787761685338529,0.787761685338529,42,20
TSLA,2024-08-21,223.27,none,False,1.3006272472565958,0.30062724725659584,1.8089256372787792,0.8089256372787792,1.8089256372787792,0.8089256372787792,1.8053077860042215,0.8053077860042215,42,20
TSLA,2024-08-22,210.66,none,False,1.2271695073546578,0.2271695073546578,1.706759863614223,0.7067598636142229,1.706759863614223,0.7067598636142229,1.7033463438869945,0.7033463438869945,42,20
TSLA,2024-08-23,220.32,none,False,1.283442446883026,0.2834424468830259,1.7850248416950802,0.7850248416950802,1.7850248416950802,0.7850248416950802,1.78145479201169,0.7814547920116901,42,20
TSLA,2024-08-26,213.21,none,False,1.242024165304693,0.24202416530469306,1.7274198733560644,0.7274198733560644,1.7274198733560644,0.7274198733560644,1.723965033609352,0.7239650336093519,42,20
TSLA,2024-08-27,209.21,none,False,1.218722741069344,0.21872274106934397,1.6950120149374899,0.6950120149374899,1.6950120149374899,0.6950120149374899,1.6916219909076147,0.6916219909076147,42,20
TSLA,2024-08-28,205.75,none,False,1.198567009105767,0.19856700910576697,1.666979217405423,0.666979217405423,1.666979217405423,0.666979217405423,1.663645258970612,0.6636452589706121,42,20
TSLA,2024-08-29,206.28,none,False,1.2016544478169506,0.20165444781695063,1.671273258645884,0.671273258645884,1.671273258645884,0.671273258645884,1.667930712128592,0.667930712128592,42,20
TSLA,2024-08-30,214.11,none,False,1.2472669857576466,0.2472669857576466,1.7347116415002437,0.7347116415002437,1.7347116415002437,0.7347116415002437,1.731242218217243,0.7312422182172429,42,20
TSLA,2024-09-03,210.6,none,False,1.2268199859911277,0.22681998599112774,1.7062737457379444,0.7062737457379444,1.7062737457379444,0.7062737457379444,1.7028611982464683,0.7028611982464683,42,20
TSLA,2024-09-04,219.41,none,False,1.278141372869484,0.2781413728694839,1.7776520539048546,0.7776520539048546,1.7776520539048546,0.7776520539048546,1.7740967497970448,0.7740967497970448,42,20
TSLA,2024-09-05,230.17,none,False,1.3408222040625728,0.3408222040625728,1.8648291930508198,0.8648291930508198,1.8648291930508198,0.8648291930508198,1.8610995346647181,0.8610995346647181,42,20
TSLA,2024-09-06,210.73,none,False,1.2275772822787765,0.2275772822787765,1.707327001136548,0.707327001136548,1.707327001136548,0.707327001136548,1.703912347134275,0.703912347134275,42,20
TSLA,2024-09-09,216.27,none,False,1.259849754844735,0.25984975484473494,1.7522118850462738,0.7522118850462738,1.7522118850462738,0.7522118850462738,1.7487074612761813,0.7487074612761813,42,20
TSLA,2024-09-10,226.17,none,False,1.3175207798272237,0.3175207798272237,1.8324213346322453,0.8324213346322453,1.8324213346322453,0.8324213346322453,1.8287564919629808,0.8287564919629808,42,20
TSLA,2024-09-11,228.13,none,False,1.3289384777025448,0.3289384777025448,1.848301185257347,0.848301185257347,1.848301185257347,0.848301185257347,1.844604582886832,0.844604582886832,42,20
TSLA,2024-09-12,229.81,none,False,1.3387250758813916,0.33872507588139156,1.8619124857931482,0.8619124857931482,1.8619124857931482,0.8619124857931482,1.8581886608215619,0.8581886608215619,42,20
TSLA,2024-09-13,230.29,none,False,1.3415212467896334,0.34152124678963336,1.865801428803377,0.8658014288033771,1.865801428803377,0.8658014288033771,1.8620698259457704,0.8620698259457704,42,20
TSLA,2024-09-16,226.78,none,False,1.3210742470231147,0.3210742470231147,1.837363533041078,0.837363533041078,1.837363533041078,0.837363533041078,1.8336888059749958,0.8336888059749958,42,20
TSLA,2024-09-17,227.87,none,False,1.3274238851272473,0.3274238851272473,1.8461946744601396,0.8461946744601396,1.8461946744601396,0.8461946744601396,1.8425022851112194,0.8425022851112194,42,20
TSLA,2024-09-18,227.2,none,False,1.3235208965678262,0.32352089656782623,1.8407663581750282,0.8407663581750282,1.8407663581750282,0.8407663581750282,1.8370848254586782,0.8370848254586782,42,20
TSLA,2024-09-19,243.92,none,False,1.4209208498715853,0.4209208498715853,1.9762312063646694,0.9762312063646694,1.9762312063646694,0.9762312063646694,1.97227874395194,0.97227874395194,42,20
TSLA,2024-09-20,238.25,none,False,1.387891081017978,0.3878910810179781,1.9302930670563403,0.9302930670563403,1.9302930670563403,0.9302930670563403,1.9264324809222273,0.9264324809222273,42,20
TSLA,2024-09-23,250.0,none,False,1.4563390147093158,0.4563390147093158,2.0254911511609026,1.0254911511609026,2.0254911511609026,1.0254911511609026,2.021440168858581,1.021440168858581,42,20
TSLA,2024-09-24,254.27,none,False,1.481213285080551,0.48121328508055106,2.060086540022731,1.060086540022731,2.060086540022731,1.060086540022731,2.0559663669426858,1.0559663669426858,42,20
TSLA,2024-09-25,257.02,none,False,1.4972330142423533,0.49723301424235333,2.0823669426855007,1.0823669426855007,2.0823669426855007,1.0823669426855007,2.0782022088001297,1.0782022088001297,42,20
TSLA,2024-09-26,254.22,none,False,1.4809220172776092,0.4809220172776092,2.059681441792499,1.059681441792499,2.059681441792499,1.059681441792499,2.0555620789089133,1.0555620789089133,42,20
TSLA,2024-09-27,260.46,none,False,1.5172722390847535,0.5172722390847535,2.1102377009254747,1.1102377009254747,2.1102377009254747,1.1102377009254747,2.106017225523624,1.1060172255236238,42,20
TSLA,2024-09-30,261.63,none,False,1.5240879056735932,0.5240879056735932,2.119716999512908,1.119716999512908,2.119716999512908,1.119716999512908,2.115477565513882,1.1154775655138822,42,20
TSLA,2024-10-01,258.02,none,False,1.5030583703011906,0.5030583703011906,2.0904689072901443,1.0904689072901443,2.0904689072901443,1.0904689072901443,2.086287969475564,1.0862879694755638,42,20
TSLA,2024-10-02,249.02,none,False,1.4506301657716554,0.4506301657716554,2.017551225848352,1.0175512258483521,2.017551225848352,1.0175512258483521,2.0135161233966548,1.0135161233966548,42,20
TSLA,2024-10-03,240.66,none,False,1.4019301891197757,0.40193018911977574,1.9498188017535314,0.9498188017535314,1.9498188017535314,0.9498188017535314,1.9459191641500244,0.9459191641500244,42,20
TSLA,2024-10-04,250.08,none,False,1.456805043194023,0.45680504319402293,2.0261393083292742,1.0261393083292742,2.0261393083292742,1.0261393083292742,2.022087029712616,1.022087029712616,42,20
TSLA,2024-10-07,240.83,none,False,1.4029204996497782,0.40292049964977816,1.951196135736321,0.951196135736321,1.951196135736321,0.951196135736321,1.947293743464848,0.9472937434648481,42,20
TSLA,2024-10-08,244.5,none,False,1.4242995563857108,0.4242995563857108,1.9809303458353629,0.9809303458353629,1.9809303458353629,0.9809303458353629,1.9769684851436922,0.9769684851436922,42,20
TSLA,2024-10-09,241.05,none,False,1.4042020779827225,0.40420207798272245,1.9529785679493425,0.9529785679493425,1.9529785679493425,0.9529785679493425,1.949072610813444,0.949072610813444,42,20
TSLA,2024-10-10,238.77,none,False,1.3909202661685736,0.39092026616857356,1.934506088650755,0.934506088650755,1.934506088650755,0.934506088650755,1.9306370764734535,0.9306370764734535,42,20
TSLA,2024-10-11,217.8,none,False,1.268762549614756,0.2687625496147561,1.7646078908913785,0.7646078908913785,1.7646078908913785,0.7646078908913785,1.7610786751095957,0.7610786751095957,42,20
TSLA,2024-10-14,219.16,none,False,1.2766850338547746,0.2766850338547746,1.7756265627536938,0.7756265627536938,1.7756265627536938,0.7756265627536938,1.7720753096281863,0.7720753096281863,42,20
TSLA,2024-10-15,219.57,none,False,1.279073429838898,0.27907342983889794,1.7789483682415976,0.7789483682415976,1.7789483682415976,0.7789483682415976,1.7753904715051143,0.7753904715051143,42,20
TSLA,2024-10-16,221.33,none,False,1.2893260565024516,0.2893260565024516,1.7932078259457704,0.7932078259457704,1.7932078259457704,0.7932078259457704,1.789621410293879,0.789621410293879,42,20
TSLA,2024-10-17,220.89,none,False,1.286762899836563,0.286762899836563,1.7896429615197271,0.7896429615197271,1.7896429615197271,0.7896429615197271,1.7860636755966877,0.7860636755966877,42,20
TSLA,2024-10-18,220.7,none,False,1.285656082185384,0.28565608218538396,1.7881035882448448,0.7881035882448448,1.7881035882448448,0.7881035882448448,1.784527381068355,0.7845273810683551,42,20
TSLA,2024-10-21,218.85,none,False,1.274879173476535,0.274879173476535,1.7731149537262543,0.7731149537262543,1.7731149537262543,0.7731149537262543,1.7695687238188016,0.7695687238188016,42,20
TSLA,2024-10-22,217.97,none,False,1.2697528601447583,0.2697528601447583,1.7659852248741679,0.7659852248741679,1.7659852248741679,0.7659852248741679,1.7624532544244194,0.7624532544244194,42,20
TSLA,2024-10-23,213.65,none,False,1.2445873219705814,0.24458732197058142,1.7309847377821075,0.7309847377821075,1.7309847377821075,0.7309847377821075,1.727522768306543,0.727522768306543,42,20
TSLA,2024-10-24,260.48,none,False,1.5173887462059306,0.5173887462059306,2.110399740217568,1.1103997402175678,2.110399740217568,1.1103997402175678,2.1061789407371325,1.1061789407371325,42,20
TSLA,2024-10-25,269.19,none,False,1.568127597478403,0.568127597478403,2.1809678519240134,1.1809678519240134,2.1809678519240134,1.1809678519240134,2.1766059162201654,1.1766059162201654,42,20
TSLA,2024-10-28,262.51,none,False,1.52921421900537,0.5292142190053699,2.126846728364994,1.126846728364994,2.126846728364994,1.126846728364994,2.122593034908264,1.122593034908264,42,20
TSLA,2024-10-29,259.52,none,False,1.5117964043894465,0.5117964043894465,2.1026218541971096,1.1026218541971096,2.1026218541971096,1.1026218541971096,2.0984166104887154,1.0984166104887154,42,20
TSLA,2024-10-30,257.55,none,False,1.5003204529535372,0.5003204529535372,2.086660983925962,1.0866609839259622,2.086660983925962,1.0866609839259622,2.0824876619581096,1.0824876619581096,42,20
TSLA,2024-10-31,249.85,none,False,1.4554652113004902,0.4554652113004902,2.024275856470206,1.0242758564702061,2.024275856470206,1.0242758564702061,2.020227304757266,1.0202273047572659,42,20
TSLA,2024-11-01,248.98,none,False,1.4503971515293017,0.4503971515293017,2.0172271472641663,1.0172271472641663,2.0172271472641663,1.0172271472641663,2.0131926929696373,1.0131926929696373,42,20
TSLA,2024-11-04,242.84,none,False,1.4146294653280411,0.4146294653280411,1.9674810845916546,0.9674810845916546,1.9674810845916546,0.9674810845916546,1.963546122422471,0.9635461224224711,42,20
TSLA,2024-11-05,251.44,none,False,1.4647275274340414,0.46472752743404144,2.0371579801915893,1.0371579801915893,2.0371579801915893,1.0371579801915893,2.033083664231206,1.033083664231206,42,20
TSLA,2024-11-06,288.53,none,False,1.6807899836563154,0.6807899836563154,2.3376598473778207,1.3376598473778207,2.3376598473778207,1.3376598473778207,2.332984527683065,1.332984527683065,42,20
TSLA,2024-11-07,296.91,none,False,1.729606467429372,0.7296064674293721,2.405554310764735,1.4055543107647348,2.405554310764735,1.4055543107647348,2.4007432021432047,1.4007432021432047,42,20
TSLA,2024-11-08,321.22,none,False,1.871220873219706,0.871220873219706,2.602513070303621,1.6025130703036208,2.602513070303621,1.6025130703036208,2.5973080441630136,1.5973080441630136,42,20
TSLA,2024-11-11,350.0,none,False,2.038874620593042,1.0388746205930421,2.835687611625264,1.8356876116252638,2.835687611625264,1.8356876116252638,2.8300162364020127,1.8300162364020127,42,20
TSLA,2024-11-12,328.49,none,False,1.9135712117674528,0.9135712117674528,2.6614143529793797,1.6614143529793797,2.6614143529793797,1.6614143529793797,2.656091524273421,1.656091524273421,42,20
TSLA,2024-11-13,330.24,none,False,1.923765584870418,0.923765584870418,2.675592791037506,1.6755927910375061,2.675592791037506,1.6755927910375061,2.670241605455431,1.670241605455431,42,20
TSLA,2024-11-14,311.18,none,False,1.8127342983889796,0.8127342983889796,2.521169345672999,1.521169345672999,2.521169345672999,1.521169345672999,2.516127006981653,1.516127006981653,42,20
TSLA,2024-11-15,320.72,none,False,1.8683081951902873,0.8683081951902873,2.598462088001299,1.5984620880012992,2.598462088001299,1.5984620880012992,2.5932651638252966,1.5932651638252966,42,20
TSLA,2024-11-18,338.74,none,False,1.9732811113705346,0.9732811113705346,2.7444594901769768,1.7444594901769768,2.7444594901769768,1.7444594901769768,2.738970571196623,1.738970571196623,42,20
TSLA,2024-11-19,346.0,none,False,2.015573196357693,1.015573196357693,2.8032797532066893,1.8032797532066893,2.8032797532066893,1.8032797532066893,2.7976731937002755,1.7976731937002755,42,20
TSLA,2024-11-20,342.03,none,False,1.992446532804109,0.992446532804109,2.771114953726254,1.7711149537262538,2.771114953726254,1.7711149537262538,2.765572723818802,1.765572723818802,42,20
TSLA,2024-11-21,339.64,none,False,1.9785239318234882,0.9785239318234882,2.751751258321156,1.751751258321156,2.751751258321156,1.751751258321156,2.746247755804514,1.746247755804514,42,20
TSLA,2024-11-22,352.56,none,False,2.053787532103666,1.0537875321036658,2.8564286410131516,1.8564286410131516,2.8564286410131516,1.8564286410131516,2.850715783731125,1.850715783731125,42,20
TSLA,2024-11-25,338.59,none,False,1.9724073079617088,0.9724073079617088,2.74324419548628,1.7432441954862798,2.74324419548628,1.7432441954862798,2.737757707095308,1.7377577070953079,42,20
TSLA,2024-11-26,338.23,none,False,1.9703101797805278,0.9703101797805278,2.740327488228609,1.7403274882286088,2.740327488228609,1.7403274882286088,2.7348468332521514,1.7348468332521514,42,20
TSLA,2024-11-27,332.89,none,False,1.9392027784263366,0.9392027784263366,2.6970629972398115,1.6970629972398115,2.6970629972398115,1.6970629972398115,2.691668871245332,1.6916688712453318,42,20
TSLA,2024-11-29,345.16,none,False,2.01067989726827,1.01067989726827,2.796474102938789,1.796474102938789,2.796474102938789,1.796474102938789,2.790881154732911,1.790881154732911,42,20
TSLA,2024-12-02,357.09,none,False,2.080176395050198,1.0801763950501981,2.893130540672187,1.8931305406721868,2.893130540672187,1.8931305406721868,2.887344279590842,1.8873442795908422,42,20
TSLA,2024-12-03,351.42,none,False,2.047146626196591,1.0471466261965912,2.847192401363858,1.8471924013638579,2.847192401363858,1.8471924013638579,2.8414980165611303,1.8414980165611303,42,20
TSLA,2024-12-04,357.93,none,False,2.0850696941396216,1.0850696941396216,2.8999361909400876,1.8999361909400876,2.8999361909400876,1.8999361909400876,2.8941363185582074,1.8941363185582074,42,20
TSLA,2024-12-05,369.49,none,False,2.1524108101797808,1.1524108101797808,2.993594901769768,1.993594901769768,2.993594901769768,1.993594901769768,2.987607711966228,1.9876077119662279,42,20
TSLA,2024-12-06,389.22,none,False,2.26734508522064,1.26734508522064,3.1534466634193863,2.1534466634193863,3.1534466634193863,2.1534466634193863,3.1471397700925476,2.1471397700925476,42,20
TSLA,2024-12-09,389.79,none,False,2.270665538174177,1.270665538174177,3.158064783244033,2.158064783244033,3.158064783244033,2.158064783244033,3.1517486536775445,2.1517486536775445,42,20
TSLA,2024-12-10,400.99,none,False,2.3359095260331544,1.3359095260331544,3.2488067868160417,2.2488067868160417,3.2488067868160417,2.2488067868160417,3.2423091732424094,2.2423091732424094,42,20
TSLA,2024-12-11,424.77,none,False,2.474436493112304,1.4744364931123042,3.4414715051144666,2.4414715051144666,3.4414715051144666,2.4414715051144666,3.4345885621042376,2.4345885621042376,42,20
TSLA,2024-12-12,418.1,none,False,2.43558136819986,1.43558136819986,3.387431401201494,2.387431401201494,3.387431401201494,2.387431401201494,3.380656538399091,2.380656538399091,42,20
TSLA,2024-12-13,436.23,none,False,2.5411950735465796,1.5411950735465796,3.5343200194836824,2.5343200194836824,3.5343200194836824,2.5343200194836824,3.527251379444715,2.527251379444715,42,20
TSLA,2024-12-16,463.02,none,False,2.69725636236283,1.6972563623628298,3.7513716512420845,2.7513716512420845,3.7513716512420845,2.7513716512420845,3.7438689079396,2.7438689079396,42,20
TSLA,2024-12-17,479.86,none,False,2.7953553583936492,1.7953553583936492,3.8878087351842834,2.8878087351842834,3.8878087351842834,2.8878087351842834,3.8800331177139142,2.8800331177139142,42,20
TSLA,2024-12-18,440.13,none,False,2.563913962176045,1.563913962176045,3.5659176814417926,2.5659176814417926,3.5659176814417926,2.5659176814417926,3.558785846078909,2.558785846078909,42,20
TSLA,2024-12-19,436.17,sell,True,2.535763861078683,1.5357638610786828,3.526766233804189,2.526766233804189,3.526766233804189,2.526766233804189,3.526766233804189,2.526766233804189,42,20
TSLA,2024-12-20,421.06,none,False,2.535763861078683,1.5357638610786828,3.526766233804189,2.526766233804189,3.526766233804189,2.526766233804189,3.404590389998376,2.404590389998376,42,20
TSLA,2024-12-23,430.6,none,False,2.535763861078683,1.5357638610786828,3.526766233804189,2.526766233804189,3.526766233804189,2.526766233804189,3.4817285468420196,2.4817285468420196,42,20
TSLA,2024-12-24,462.25,none,False,2.535763861078683,1.5357638610786828,3.526766233804189,2.526766233804189,3.526766233804189,2.526766233804189,3.737642872219516,2.737642872219516,42,20
TSLA,2024-12-26,454.13,none,False,2.535763861078683,1.5357638610786828,3.526766233804189,2.526766233804189,3.526766233804189,2.526766233804189,3.6719864955349895,2.6719864955349895,42,20
TSLA,2024-12-27,431.66,none,False,2.535763861078683,1.5357638610786828,3.526766233804189,2.526766233804189,3.526766233804189,2.526766233804189,3.49029945315798,2.49029945315798,42,20
TSLA,2024-12-30,417.41,none,False,2.535763861078683,1.5357638610786828,3.526766233804189,2.526766233804189,3.526766233804189,2.526766233804189,3.3750773635330407,2.3750773635330407,42,20
TSLA,2024-12-31,403.84,none,False,2.535763861078683,1.5357638610786828,3.526766233804189,2.526766233804189,3.526766233804189,2.526766233804189,3.2653535911673965,2.2653535911673965,42,20
TSLA,2025-01-02,379.28,none,False,2.535763861078683,1.5357638610786828,3.526766233804189,2.526766233804189,3.526766233804189,2.526766233804189,3.06676730897873,2.06676730897873,42,20
TSLA,2025-01-03,410.44,none,False,2.535763861078683,1.5357638610786828,3.526766233804189,2.526766233804189,3.526766233804189,2.526766233804189,3.3187196116252635,2.3187196116252635,42,20
TSLA,2025-01-06,411.05,none,False,2.535763861078683,1.5357638610786828,3.526766233804189,2.526766233804189,3.526766233804189,2.526766233804189,3.323651925637279,2.323651925637279,42,20
TSLA,2025-01-07,394.36,none,False,2.535763861078683,1.5357638610786828,3.526766233804189,2.526766233804189,3.526766233804189,2.526766233804189,3.1887005799642796,2.1887005799642796,42,20
TSLA,2025-01-08,394.94,none,False,2.535763861078683,1.5357638610786828,3.526766233804189,2.526766233804189,3.526766233804189,2.526766233804189,3.193390321156032,2.193390321156032,42,20
TSLA,2025-01-10,394.74,none,False,2.535763861078683,1.5357638610786828,3.526766233804189,2.526766233804189,3.526766233804189,2.526766233804189,3.1917731690209448,2.1917731690209448,42,20
TSLA,2025-01-13,403.31,none,False,2.535763861078683,1.5357638610786828,3.526766233804189,2.526766233804189,3.526766233804189,2.526766233804189,3.261068138009417,2.261068138009417,42,20
TSLA,2025-01-14,396.36,none,False,2.535763861078683,1.5357638610786828,3.526766233804189,2.526766233804189,3.526766233804189,2.526766233804189,3.204872101315148,2.204872101315148,42,20
TSLA,2025-01-15,428.22,none,False,2.535763861078683,1.5357638610786828,3.526766233804189,2.526766233804189,3.526766233804189,2.526766233804189,3.462484436434486,2.462484436434486,42,20
TSLA,2025-01-16,413.82,none,False,2.535763861078683,1.5357638610786828,3.526766233804189,2.526766233804189,3.526766233804189,2.526766233804189,3.3460494827082314,2.3460494827082314,42,20
TSLA,2025-01-17,426.5,none,False,2.535763861078683,1.5357638610786828,3.526766233804189,2.526766233804189,3.526766233804189,2.526766233804189,3.448576928072739,2.448576928072739,42,20
TSLA,2025-01-21,424.07,none,False,2.535763861078683,1.5357638610786828,3.526766233804189,2.526766233804189,3.526766233804189,2.526766233804189,3.428928529631433,2.428928529631433,42,20
TSLA,2025-01-22,415.11,none,False,2.535763861078683,1.5357638610786828,3.526766233804189,2.526766233804189,3.526766233804189,2.526766233804189,3.356480113979542,2.356480113979542,42,20
TSLA,2025-01-23,412.38,none,False,2.535763861078683,1.5357638610786828,3.526766233804189,2.526766233804189,3.526766233804189,2.526766233804189,3.3344059873356064,2.3344059873356064,42,20
TSLA,2025-01-24,406.58,none,False,2.535763861078683,1.5357638610786828,3.526766233804189,2.526766233804189,3.526766233804189,2.526766233804189,3.287508575418087,2.287508575418087,42,20
TSLA,2025-01-27,397.15,none,False,2.535763861078683,1.5357638610786828,3.526766233804189,2.526766233804189,3.526766233804189,2.526766233804189,3.2112598522487414,2.2112598522487414,42,20
TSLA,2025-01-28,398.09,none,False,2.535763861078683,1.5357638610786828,3.526766233804189,2.526766233804189,3.526766233804189,2.526766233804189,3.2188604672836494,2.2188604672836494,42,20
TSLA,2025-01-29,389.1,none,False,2.535763861078683,1.5357638610786828,3.526766233804189,2.526766233804189,3.526766233804189,2.526766233804189,3.1461694788114953,2.1461694788114953,42,20
TSLA,2025-01-30,400.28,none,False,2.535763861078683,1.5357638610786828,3.526766233804189,2.526766233804189,3.526766233804189,2.526766233804189,3.23656828316285,2.23656828316285,42,20
TSLA,2025-01-31,404.6,none,False,2.535763861078683,1.5357638610786828,3.526766233804189,2.526766233804189,3.526766233804189,2.526766233804189,3.2714987692807274,2.2714987692807274,42,20
TSLA,2025-02-03,383.68,none,False,2.535763861078683,1.5357638610786828,3.526766233804189,2.526766233804189,3.526766233804189,2.526766233804189,3.1023446559506414,2.1023446559506414,42,20
TSLA,2025-02-04,392.21,none,False,2.535763861078683,1.5357638610786828,3.526766233804189,2.526766233804189,3.526766233804189,2.526766233804189,3.1713161945120953,2.1713161945120953,42,20
TSLA,2025-02-05,378.17,none,False,2.535763861078683,1.5357638610786828,3.526766233804189,2.526766233804189,3.526766233804189,2.526766233804189,3.0577921146289984,2.0577921146289984,42,20
TSLA,2025-02-06,374.32,none,False,2.535763861078683,1.5357638610786828,3.526766233804189,2.526766233804189,3.526766233804189,2.526766233804189,3.026661936028576,2.026661936028576,42,20
TSLA,2025-02-07,361.62,none,False,2.535763861078683,1.5357638610786828,3.526766233804189,2.526766233804189,3.526766233804189,2.526766233804189,2.92397277545056,1.9239727754505598,42,20
TSLA,2025-02-10,350.73,none,False,2.535763861078683,1.5357638610786828,3.526766233804189,2.526766233804189,3.526766233804189,2.526766233804189,2.8359188416950807,1.8359188416950807,42,20
TSLA,2025-02-11,328.5,none,False,2.535763861078683,1.5357638610786828,3.526766233804189,2.526766233804189,3.526766233804189,2.526766233804189,2.6561723818801752,1.6561723818801752,42,20
TSLA,2025-02-12,336.51,none,False,2.535763861078683,1.5357638610786828,3.526766233804189,2.526766233804189,3.526766233804189,2.526766233804189,2.7209393248904044,1.7209393248904044,42,20
TSLA,2025-02-13,355.94,none,False,2.535763861078683,1.5357638610786828,3.526766233804189,2.526766233804189,3.526766233804189,2.526766233804189,2.878045654814093,1.878045654814093,42,20
TSLA,2025-02-14,355.84,none,False,2.535763861078683,1.5357638610786828,3.526766233804189,2.526766233804189,3.526766233804189,2.526766233804189,2.8772370787465498,1.8772370787465498,42,20
TSLA,2025-02-18,354.11,none,False,2.535763861078683,1.5357638610786828,3.526766233804189,2.526766233804189,3.526766233804189,2.526766233804189,2.863248712778048,1.8632487127780482,42,20
TSLA,2025-02-19,360.56,none,False,2.535763861078683,1.5357638610786828,3.526766233804189,2.526766233804189,3.526766233804189,2.526766233804189,2.9154018691345995,1.9154018691345995,42,20
TSLA,2025-02-20,354.4,none,False,2.535763861078683,1.5357638610786828,3.526766233804189,2.526766233804189,3.526766233804189,2.526766233804189,2.865593583373924,1.865593583373924,42,20
TSLA,2025-02-21,337.8,none,False,2.535763861078683,1.5357638610786828,3.526766233804189,2.526766233804189,3.526766233804189,2.526766233804189,2.7313699561617146,1.7313699561617146,42,20
