time,open,high,low,close,volume
2018-09-07,87.01,89.48,86.5,87.68,2442210.0
2018-09-10,87.68,88.45,87.15,88.09,3205168.0
2018-09-11,87.96,89.35,87.83,89.12,3513429.0
2018-09-12,88.9,89.21,87.44,87.8,2467606.0
2018-09-13,87.98,90.2,87.83,89.58,3571736.0
2018-09-14,89.74,90.48,89.49,90.33,2448473.0
2018-09-17,90.5,91.39,89.94,90.16,1646261.0
2018-09-18,89.34,90.53,88.65,90.11,1933594.0
2018-09-19,90.02,90.61,89.18,89.35,2545614.0
2018-09-20,89.84,89.92,88.91,89.12,2409841.0
2018-09-21,89.57,90.25,87.11,89.94,4690350.0
2018-09-24,89.83,89.83,87.03,87.84,3534890.0
2018-09-25,87.83,88.04,86.82,87.92,2061663.0
2018-09-26,88.85,89.46,88.46,88.97,2031541.0
2018-09-27,88.93,89.99,88.24,88.34,2156248.0
2018-09-28,88.33,89.34,88.29,89.06,2091566.0
2018-10-01,89.29,89.58,87.52,87.61,2459934.0
2018-10-02,87.24,87.44,85.84,86.71,3210476.0
2018-10-03,87.02,87.92,86.82,87.39,1945359.0
2018-10-04,87.03,87.76,85.52,86.04,2751995.0
2018-10-05,86.12,86.75,84.02,84.14,4242778.0
2018-10-08,84.0,84.49,82.37,83.68,2897333.0
2018-10-09,83.71,84.41,81.28,81.43,4287266.0
2018-10-10,82.8,82.8,78.87,78.93,5573818.0
2018-10-11,81.09,81.98,78.93,80.12,5567559.0
2018-10-12,81.31,81.47,79.33,80.18,2870732.0
2018-10-15,80.4,81.95,80.1,81.34,3512635.0
2018-10-16,81.6,84.21,81.23,83.52,4965755.0
2018-10-17,88.02,89.48,86.16,88.49,10329511.0
2018-10-18,89.0,89.61,86.52,87.09,4979982.0
2018-10-19,87.26,88.83,87.02,87.43,4582744.0
2018-10-22,87.84,89.23,87.34,88.61,3820521.0
2018-10-23,87.02,87.61,84.44,86.33,5809037.0
2018-10-24,86.07,86.71,81.92,82.19,5221028.0
2018-10-25,82.69,86.27,82.48,85.6,4328610.0
2018-10-26,84.1,85.58,82.84,84.63,3364347.0
2018-10-29,85.98,86.95,83.92,84.99,3902045.0
2018-10-30,84.38,86.25,84.38,85.85,4363214.0
2018-10-31,87.25,87.7,85.37,85.51,3796840.0
2018-11-01,85.62,88.47,85.62,88.04,3398927.0
2018-11-02,88.47,90.28,88.01,88.68,3335964.0
2018-11-05,88.98,89.82,88.28,89.47,2735506.0
2018-11-06,90.0,90.25,88.83,89.64,2187428.0
2018-11-07,90.22,92.33,89.65,92.16,3792231.0
2018-11-08,92.09,92.85,91.53,92.56,2460310.0
2018-11-09,92.41,93.6,91.74,92.35,4254067.0
2018-11-12,92.36,92.69,91.03,91.2,2903263.0
2018-11-13,91.63,93.38,91.63,92.6,3696571.0
2018-11-14,93.03,93.47,91.38,91.79,2387001.0
2018-11-15,91.4,92.66,89.02,91.98,3691475.0
2018-11-16,91.84,92.6,90.07,92.26,2837923.0
2018-11-19,92.32,92.95,91.16,92.09,2684617.0
2018-11-20,91.2,92.79,90.45,91.77,3232754.0
2018-11-21,91.92,93.38,91.82,92.86,3771625.0
2018-11-23,93.27,95.08,92.79,94.84,2688683.0
2018-11-26,95.56,95.81,91.73,91.75,4244651.0
2018-11-27,92.37,94.19,92.13,93.38,4035884.0
2018-11-28,94.11,94.72,93.42,94.48,3438583.0
2018-11-29,94.04,95.45,94.03,95.07,3617702.0
2018-11-30,94.9,96.8,94.9,96.7,4033984.0
2018-12-03,97.67,97.85,95.96,96.46,2800581.0
2018-12-04,95.03,95.53,90.54,91.94,5576460.0
2018-12-06,90.94,93.23,90.17,93.03,3766803.0
2018-12-07,92.24,92.65,87.61,88.23,5052598.0
2018-12-10,88.05,89.87,87.07,88.55,3089484.0
2018-12-11,89.49,89.65,87.53,88.14,4525146.0
2018-12-12,88.92,90.3,88.35,89.63,2868470.0
2018-12-13,89.63,90.15,86.23,87.48,3776442.0
2018-12-14,86.58,89.85,86.58,87.74,2800657.0
2018-12-17,87.88,88.15,85.92,86.21,4051907.0
2018-12-18,87.17,88.88,87.17,87.8,3276839.0
2018-12-19,87.78,88.69,85.39,86.37,2715128.0
2018-12-20,86.28,86.89,83.26,84.41,3966503.0
2018-12-21,84.04,85.5,81.25,81.47,10687289.0
2018-12-24,80.91,81.26,79.05,79.12,3338602.0
2018-12-26,79.85,83.98,79.85,83.8,5253398.0
2018-12-27,82.82,83.51,79.44,83.04,4128474.0
2018-12-28,83.54,84.74,82.63,83.17,2257370.0
2018-12-31,83.74,84.61,82.93,83.73,2663686.0
2019-01-02,81.69,84.29,81.41,84.18,2973498.0
2019-01-03,83.26,83.26,78.38,80.0,6426213.0
2019-01-04,80.88,83.95,80.77,82.68,3808373.0
2019-01-07,82.57,83.92,81.45,83.23,2653000.0
2019-01-08,83.3,84.62,81.89,82.38,3910027.0
2019-01-09,81.23,83.92,81.23,83.76,5332619.0
2019-01-10,80.73,81.79,77.39,81.37,7376208.0
2019-01-11,80.68,80.97,79.23,80.07,4325268.0
2019-01-14,79.28,80.39,78.68,79.91,3951170.0
2019-01-15,80.59,82.1,80.0,81.2,5971886.0
2019-01-16,86.85,87.75,85.56,86.36,10840612.0
2019-01-17,86.65,87.26,85.53,86.74,3571260.0
2019-01-18,87.14,87.19,85.55,85.59,3797142.0
2019-01-22,85.37,85.41,82.89,83.34,3776274.0
2019-01-23,83.7,84.96,82.63,82.88,3916532.0
2019-01-24,84.5,85.69,83.72,84.03,4740124.0
2019-01-25,84.7,85.17,83.55,84.14,4745321.0
2019-01-28,83.17,85.2,83.1,84.6,2762386.0
2019-01-29,84.7,85.76,84.6,85.67,2273934.0
2019-01-30,85.9,87.97,85.55,87.47,2541429.0
2019-01-31,87.56,88.15,86.79,87.27,3762657.0
2019-02-01,87.21,88.57,87.17,87.49,1824172.0
2019-02-04,87.47,88.63,87.28,88.62,2377438.0
2019-02-05,88.72,89.82,88.62,89.46,3083725.0
2019-02-06,89.14,89.88,88.41,89.75,2205351.0
2019-02-07,89.33,89.84,87.67,87.86,3165281.0
2019-02-08,87.34,88.19,86.66,88.17,2197493.0
2019-02-11,88.86,89.45,88.17,89.15,2348870.0
2019-02-12,89.89,90.27,87.88,87.97,2798498.0
2019-02-13,88.28,88.9,87.94,88.58,3680079.0
2019-02-14,88.27,88.74,87.5,88.15,1482559.0
2019-02-15,89.35,89.35,88.11,88.31,2230336.0
2019-02-19,87.87,89.82,87.82,89.24,2224527.0
2019-02-20,88.28,89.24,87.29,88.5,3151009.0
2019-02-21,88.37,89.45,88.25,88.84,2132473.0
2019-02-22,88.94,89.65,88.65,89.43,1907566.0
2019-02-25,90.05,90.6,89.38,89.58,2395019.0
2019-02-26,89.57,90.93,89.04,89.53,4089393.0
2019-02-27,88.92,89.26,86.84,87.6,2466711.0
2019-02-28,87.9,88.7,87.22,87.81,2299972.0
2019-03-01,88.46,88.62,85.37,86.92,3699442.0
2019-03-04,87.1,87.24,83.27,84.31,4094499.0
2019-03-05,84.64,85.72,83.82,85.05,2848184.0
2019-03-06,84.89,85.68,84.27,84.33,2544506.0
2019-03-07,83.98,84.2,81.95,82.61,4565662.0
2019-03-08,81.99,82.9,81.62,82.4,2316809.0
2019-03-11,81.94,82.53,81.74,82.38,5140479.0
2019-03-12,82.67,82.91,79.59,79.85,6055255.0
2019-03-13,80.5,81.4,79.88,81.21,3450325.0
2019-03-14,81.2,82.06,81.09,81.49,1816514.0
2019-03-15,81.76,82.48,81.38,81.69,4860537.0
2019-03-18,81.39,81.74,80.5,80.73,2780498.0
2019-03-19,80.93,81.86,80.75,81.34,2390447.0
2019-03-20,81.18,81.4,79.79,79.83,4661132.0
2019-03-21,80.29,81.46,79.69,81.0,2330693.0
2019-03-22,80.64,80.77,78.75,79.63,3160048.0
2019-03-25,79.68,80.01,78.09,78.12,4731381.0
2019-03-26,78.46,78.82,77.02,77.49,3061405.0
2019-03-27,77.54,79.57,77.5,78.53,2371493.0
2019-03-28,78.99,79.29,77.78,78.6,1563094.0
2019-03-29,79.05,80.05,78.58,79.78,2449908.0
2019-04-01,80.21,81.69,79.56,80.87,2723196.0
2019-04-02,83.19,85.1,82.34,82.77,3795126.0
2019-04-03,83.25,84.92,83.1,84.2,4047947.0
2019-04-04,84.51,85.27,83.54,84.64,1748396.0
2019-04-05,84.95,85.75,84.52,84.91,3018089.0
2019-04-08,84.6,85.12,83.8,84.58,1853047.0
2019-04-09,84.09,84.64,83.46,84.25,2016715.0
2019-04-10,85.33,85.55,83.61,84.52,3547327.0
2019-04-11,84.56,86.42,84.56,85.75,2570204.0
2019-04-12,86.19,86.5,85.3,85.49,4507885.0
2019-04-15,85.31,85.43,84.08,84.52,2324197.0
2019-04-16,84.81,85.67,84.39,85.17,3747828.0
2019-04-17,87.94,89.73,87.29,89.24,6963709.0
2019-04-18,89.67,89.81,87.46,88.28,3508268.0
2019-04-22,87.77,88.55,87.15,87.56,2060637.0
2019-04-23,87.49,88.5,87.26,87.97,2220784.0
2019-04-24,88.1,88.96,87.61,88.03,2049891.0
2019-04-25,87.57,89.15,86.67,86.86,2152812.0
2019-04-26,86.56,88.43,86.49,87.94,1544882.0
2019-04-29,88.02,89.88,88.02,89.61,2561940.0
2019-04-30,89.66,90.16,88.64,88.86,2688182.0
2019-05-01,89.06,89.71,87.78,87.94,2239578.0
2019-05-02,88.06,89.29,88.01,88.31,1868571.0
2019-05-03,88.5,89.06,88.27,88.5,1164969.0
2019-05-06,87.14,88.03,86.52,87.79,1620399.0
2019-05-07,86.75,86.76,84.62,85.68,2400047.0
2019-05-08,85.25,86.09,84.25,84.64,1900461.0
2019-05-09,83.84,84.15,81.81,84.12,2329400.0
2019-05-10,83.5,85.19,80.99,84.79,2841876.0
2019-05-13,83.03,83.19,81.44,82.07,3908145.0
2019-05-14,82.26,83.77,81.93,83.45,1928510.0
2019-05-15,82.4,83.27,81.33,82.35,2371011.0
2019-05-16,82.42,83.65,82.05,82.58,1803357.0
2019-05-17,82.13,82.47,81.23,81.5,2857897.0
2019-05-20,81.39,82.48,81.0,81.74,2355552.0
2019-05-21,82.5,83.36,82.42,82.97,2162609.0
2019-05-22,82.4,83.0,81.7,81.88,1505934.0
2019-05-23,81.3,81.96,79.77,80.91,2231069.0
2019-05-24,81.25,81.75,80.47,80.79,2266313.0
2019-05-28,80.5,80.79,79.66,79.81,2242085.0
2019-05-29,79.5,79.53,78.1,79.25,3133154.0
2019-05-30,79.29,80.4,79.04,79.47,1528867.0
2019-05-31,78.52,79.52,77.4,77.65,3554131.0
2019-06-03,77.38,78.73,77.35,77.72,2065458.0
2019-06-04,78.86,80.67,78.55,80.52,3026503.0
2019-06-05,80.94,81.98,80.49,81.85,2002536.0
2019-06-06,83.14,84.01,81.93,82.96,2390326.0
2019-06-07,83.09,84.85,83.09,83.27,1475833.0
2019-06-10,83.62,84.54,82.57,82.67,1697764.0
2019-06-11,83.34,83.78,82.07,82.77,1894357.0
2019-06-12,82.86,84.29,82.84,83.79,1999992.0
2019-06-13,84.05,87.74,84.05,87.11,3864970.0
2019-06-14,87.07,87.91,86.01,87.12,1652511.0
2019-06-17,87.27,87.56,86.31,86.77,1820598.0
2019-06-18,87.42,88.66,87.11,87.4,1694109.0
2019-06-19,87.76,88.88,87.14,88.66,2091617.0
2019-06-20,89.32,89.41,85.89,87.14,3261860.0
2019-06-21,86.31,88.16,86.31,86.72,2461939.0
2019-06-24,86.78,87.11,86.06,86.55,1507828.0
2019-06-25,86.63,87.23,84.81,85.06,2481284.0
2019-06-26,85.38,85.81,84.75,85.33,2034693.0
2019-06-27,85.65,86.86,85.13,86.43,1394847.0
2019-06-28,86.66,87.74,86.66,87.55,3025379.0
2019-07-01,88.84,89.72,87.77,88.45,4017249.0
2019-07-02,89.21,90.0,87.95,88.87,2237183.0
2019-07-03,89.14,91.08,89.14,90.67,1647124.0
2019-07-05,90.39,90.95,89.07,90.59,3227673.0
2019-07-08,90.16,91.48,90.1,90.67,2514955.0
2019-07-09,90.38,90.93,89.21,89.46,3912846.0
2019-07-10,90.31,91.07,88.92,89.51,2395319.0
2019-07-11,89.51,90.6,89.0,89.48,2262280.0
2019-07-12,89.7,91.52,89.63,91.23,2895023.0
2019-07-15,91.6,92.43,91.15,91.32,2388252.0
2019-07-16,91.81,94.5,91.8,93.92,4706092.0
2019-07-17,94.03,95.25,92.34,94.78,6019468.0
2019-07-18,94.32,95.48,93.88,95.28,3300545.0
2019-07-19,95.38,96.03,93.54,93.83,3361100.0
2019-07-22,94.07,95.06,93.77,93.83,2305149.0
2019-07-23,94.14,94.98,93.75,94.93,2105228.0
2019-07-24,94.91,95.46,94.24,95.11,2344366.0
2019-07-25,94.19,95.11,92.96,93.93,3196204.0
2019-07-26,94.02,94.44,93.23,93.36,1684835.0
2019-07-29,93.44,94.05,93.13,93.44,1957136.0
2019-07-30,92.83,93.97,92.48,93.93,1717369.0
2019-07-31,93.56,93.82,91.48,91.91,2125262.0
2019-08-01,92.03,93.04,89.73,90.49,2518736.0
2019-08-02,90.01,90.25,88.83,89.43,2281848.0
2019-08-05,88.88,88.88,84.8,85.59,3721837.0
2019-08-06,85.91,86.57,84.97,85.46,2369853.0
2019-08-07,84.72,86.96,84.03,86.48,2380052.0
2019-08-08,86.71,87.98,86.59,87.63,1419870.0
2019-08-09,87.46,87.83,86.1,86.98,2078719.0
2019-08-12,86.24,86.24,83.95,84.71,2185046.0
2019-08-13,84.15,86.28,83.53,84.56,2669290.0
2019-08-14,83.05,83.58,80.78,81.95,3250818.0
2019-08-15,82.04,82.23,80.83,81.62,3236384.0
2019-08-16,82.25,83.31,81.84,82.94,2294252.0
2019-08-19,84.02,84.93,83.81,83.89,2268781.0
2019-08-20,83.65,84.43,83.21,84.03,1495009.0
2019-08-21,84.67,85.67,84.63,85.29,1672641.0
2019-08-22,85.3,85.87,84.69,85.56,1310135.0
2019-08-23,85.06,85.65,82.22,82.53,3674673.0
2019-08-26,83.42,83.63,82.45,83.58,1851387.0
2019-08-27,84.28,84.71,81.75,81.94,2213751.0
2019-08-28,81.52,82.99,81.17,82.45,2299537.0
2019-08-29,83.23,85.13,83.23,84.69,4085102.0
2019-08-30,85.2,85.68,84.09,84.31,1929469.0
2019-09-03,83.64,83.76,82.25,83.15,2350081.0
2019-09-04,83.0,84.86,83.0,83.91,2739635.0
2019-09-05,84.69,86.87,84.69,85.84,2968888.0
2019-09-06,86.37,87.44,86.2,86.3,2345125.0
2019-09-09,86.49,87.73,85.91,87.33,2123125.0
2019-09-10,87.2,87.79,86.61,87.56,1711943.0
2019-09-11,87.62,88.87,87.17,88.38,2431520.0
2019-09-12,88.68,89.83,88.55,89.38,2724658.0
2019-09-13,90.41,91.84,89.75,91.35,3000707.0
2019-09-16,88.3,90.13,88.17,88.76,3438150.0
2019-09-17,89.38,91.26,88.79,89.98,3635129.0
2019-09-18,89.7,90.29,88.94,90.23,2174822.0
2019-09-19,90.35,90.62,89.18,89.42,2367602.0
2019-09-20,89.47,90.05,88.92,89.09,2764305.0
2019-09-23,88.62,88.88,87.42,88.21,3178752.0
2019-09-24,88.97,89.2,87.51,88.3,1563720.0
2019-09-25,88.24,89.88,88.24,89.17,1744522.0
2019-09-26,89.38,89.55,87.77,88.45,1306010.0
2019-09-27,88.85,90.3,87.82,88.14,1668260.0
2019-09-30,88.4,88.98,87.91,88.41,1959398.0
2019-10-01,89.15,90.19,87.23,87.84,2429757.0
2019-10-02,86.0,86.85,82.06,83.69,4346907.0
2019-10-03,83.61,83.61,80.87,83.27,2768483.0
2019-10-04,83.53,84.47,83.12,84.29,1957962.0
2019-10-07,83.61,85.26,83.61,84.85,2124385.0
2019-10-08,84.25,86.12,83.9,84.69,2575541.0
2019-10-09,85.74,87.51,85.73,86.46,3163430.0
2019-10-10,85.39,87.76,84.73,87.34,2830522.0
2019-10-11,88.52,89.13,87.12,87.15,2461176.0
2019-10-14,87.11,87.15,86.24,86.97,3457479.0
2019-10-15,87.28,88.66,86.68,87.88,4746893.0
2019-10-16,89.35,90.84,88.22,89.7,6805187.0
2019-10-17,90.2,90.41,88.93,89.46,2493214.0
2019-10-18,89.43,90.76,89.33,90.08,2722683.0
2019-10-21,90.49,91.5,90.49,90.78,2066314.0
2019-10-22,90.68,91.05,89.62,89.71,2033340.0
2019-10-23,89.65,90.17,88.95,89.9,1644482.0
2019-10-24,90.59,91.51,89.22,89.81,2294969.0
2019-10-25,89.68,91.84,89.67,91.64,2218463.0
2019-10-28,91.83,92.8,91.78,92.19,1841018.0
2019-10-29,91.88,92.38,90.9,91.03,1552535.0
2019-10-30,91.05,91.89,90.41,91.67,1694758.0
2019-10-31,91.12,91.4,90.41,90.84,1997503.0
2019-11-01,91.65,92.52,91.29,91.65,2248324.0
2019-11-04,92.31,92.96,92.03,92.39,1905931.0
2019-11-05,92.63,93.62,92.46,93.12,2623950.0
2019-11-06,93.42,93.6,92.58,93.34,1179340.0
2019-11-07,94.0,95.16,93.56,93.8,3014104.0
2019-11-08,93.81,93.86,92.61,93.44,914941.0
2019-11-11,92.85,93.82,92.67,93.53,1127088.0
2019-11-12,93.44,93.88,92.66,92.72,1543614.0
2019-11-13,92.62,92.98,92.04,92.42,1863345.0
2019-11-14,92.75,92.95,91.9,92.52,1051767.0
2019-11-15,93.0,93.5,92.32,92.51,1552721.0
2019-11-18,92.45,92.79,91.45,92.77,1808656.0
2019-11-19,93.13,93.72,92.42,93.29,1606663.0
2019-11-20,92.75,93.46,90.85,91.7,3133884.0
2019-11-21,91.88,92.11,90.77,90.97,1630935.0
2019-11-22,91.1,91.94,90.94,91.78,1440399.0
2019-11-25,92.11,93.13,91.55,92.52,1941650.0
2019-11-26,92.48,92.92,92.02,92.76,2043490.0
2019-11-27,93.06,93.67,92.77,93.05,1602154.0
2019-11-29,92.8,93.49,92.51,92.8,905807.0
2019-12-02,93.0,93.62,91.44,91.63,1941963.0
2019-12-03,90.6,90.78,88.5,88.87,3393153.0
2019-12-04,89.16,89.81,88.13,88.17,2072411.0
2019-12-05,89.1,89.33,87.6,87.86,1959655.0
2019-12-06,88.79,89.5,88.55,88.58,1485328.0
2019-12-09,88.49,88.58,87.3,87.61,2235201.0
2019-12-10,87.58,87.92,86.36,86.51,1994909.0
2019-12-11,86.47,87.15,86.08,87.02,2418182.0
2019-12-12,87.7,89.9,87.32,88.47,2903831.0
2019-12-13,88.2,89.43,87.42,87.58,1972842.0
2019-12-16,87.95,89.46,87.95,88.63,2090200.0
2019-12-17,88.57,89.99,88.35,89.36,2218406.0
2019-12-18,89.5,89.98,88.36,88.84,1876903.0
2019-12-19,89.28,89.78,89.05,89.22,2172531.0
2019-12-20,89.37,89.9,89.05,89.28,3026482.0
2019-12-23,89.72,90.1,89.28,89.44,1906056.0
2019-12-24,89.46,89.63,88.66,89.15,771149.0
2019-12-26,89.3,89.72,88.8,89.26,1041642.0
2019-12-27,89.31,89.39,88.01,88.37,1402073.0
2019-12-30,88.51,88.86,87.51,87.96,1799897.0
2019-12-31,87.71,88.46,87.71,88.09,2073700.0
2020-01-02,89.57,90.57,89.11,89.74,2671623.0
2020-01-03,86.8,88.16,86.26,87.9,3562918.0
2020-01-06,86.72,88.07,86.65,87.7,2652773.0
2020-01-07,87.41,88.16,86.74,86.77,2594744.0
2020-01-08,86.9,88.45,86.3,87.3,4153259.0
2020-01-09,87.72,88.72,87.5,87.95,2252191.0
2020-01-10,88.04,88.26,86.97,87.31,2035663.0
2020-01-13,87.31,87.67,86.7,86.89,2707860.0
2020-01-14,88.17,89.64,87.71,87.85,3243640.0
2020-01-15,87.61,88.8,87.25,88.29,1878934.0
2020-01-16,88.79,89.72,88.78,89.54,2427506.0
2020-01-17,89.8,90.1,88.96,89.7,4221217.0
2020-01-21,87.88,88.0,84.57,85.79,9546684.0
2020-01-22,86.75,87.57,83.15,83.34,8453244.0
2020-01-23,83.0,85.17,81.06,84.88,6194380.0
2020-01-24,84.31,84.73,80.28,81.9,6869764.0
2020-01-27,78.0,78.46,76.55,77.63,8671260.0
2020-01-28,78.25,78.47,77.0,77.05,7575578.0
2020-01-29,77.4,77.49,75.01,75.21,5512397.0
2020-01-30,74.66,77.98,74.44,77.75,5900393.0
2020-01-31,77.17,77.29,74.52,74.8,5196562.0
2020-02-03,75.49,77.12,74.88,74.91,3951366.0
2020-02-04,76.64,79.53,76.5,78.89,6423869.0
2020-02-05,80.76,82.36,80.05,81.85,6993789.0
2020-02-06,82.4,82.72,79.79,80.5,5218811.0
2020-02-07,80.0,80.24,78.65,79.48,3129720.0
2020-02-10,78.95,79.61,77.78,79.47,3492868.0
2020-02-11,80.02,81.45,79.94,80.53,2763727.0
2020-02-12,81.08,82.6,81.0,82.2,2907099.0
2020-02-13,81.0,81.74,80.37,80.99,2998888.0
2020-02-14,81.02,81.44,79.4,79.55,3119656.0
2020-02-18,79.0,80.63,78.65,80.24,4183723.0
2020-02-19,80.94,80.94,79.19,79.42,3350290.0
2020-02-20,79.3,81.67,79.3,79.91,2893884.0
2020-02-21,79.4,79.4,77.32,78.01,4545057.0
2020-02-24,75.08,76.02,73.65,75.47,6332868.0
2020-02-25,75.76,76.18,70.32,70.57,8076210.0
2020-02-26,71.75,71.91,65.89,66.53,9372177.0
2020-02-27,62.9,69.02,61.2,64.94,10257090.0
2020-02-28,62.85,64.88,60.83,61.59,9957999.0
2020-03-02,61.13,61.27,57.04,61.26,13015179.0
2020-03-03,63.14,63.53,57.96,58.29,9208799.0
2020-03-04,59.51,59.74,56.32,59.47,10671198.0
2020-03-05,57.11,57.16,50.93,51.59,13974729.0
2020-03-06,48.61,56.0,48.26,52.1,16492236.0
2020-03-09,49.59,50.99,45.92,46.78,12307563.0
2020-03-10,51.0,54.33,46.62,52.56,15642906.0
2020-03-11,50.53,51.23,48.05,49.34,10917056.0
2020-03-12,42.77,44.31,37.01,37.08,19423635.0
2020-03-13,41.33,42.49,34.0,41.64,24135263.0
2020-03-16,34.34,39.37,30.38,35.47,28259544.0
2020-03-17,36.49,38.14,30.05,30.67,21078874.0
2020-03-18,28.81,28.97,17.8,21.38,35372666.0
2020-03-19,21.34,23.99,18.09,21.28,31611169.0
2020-03-20,23.37,30.74,22.2,24.5,37407966.0
2020-03-23,25.97,26.6,23.37,26.25,25585768.0
2020-03-24,31.99,34.15,30.01,33.0,31502493.0
2020-03-25,38.0,39.47,33.29,36.6,32988796.0
2020-03-26,38.38,39.78,34.53,35.55,29647797.0
2020-03-27,35.02,35.2,32.03,32.84,18379566.0
2020-03-30,30.69,31.8,28.0,30.16,18386439.0
2020-03-31,31.31,33.61,30.58,31.55,16568762.0
2020-04-01,29.51,29.69,25.36,25.65,27541553.0
2020-04-02,25.24,26.09,23.0,23.42,25212818.0
2020-04-03,24.22,24.94,21.56,22.89,28350252.0
2020-04-06,23.9,24.8,21.8,24.02,32386709.0
2020-04-07,28.2,28.69,23.72,24.48,43809293.0
2020-04-08,25.65,27.54,24.51,27.51,32657738.0
2020-04-09,29.92,34.04,29.57,31.5,54118482.0
2020-04-13,32.63,32.7,27.59,28.91,36493665.0
2020-04-14,30.52,32.21,30.38,30.9,28650556.0
2020-04-15,31.97,32.6,29.88,31.86,46775180.0
2020-04-16,30.35,30.49,27.92,28.21,44795626.0
2020-04-17,29.9,30.11,28.86,29.08,26829601.0
2020-04-20,27.93,28.67,26.69,27.79,37042169.0
2020-04-21,27.01,28.36,26.76,27.88,28293236.0
2020-04-22,27.3,27.66,25.01,25.88,90730574.0
2020-04-23,26.0,26.56,25.66,25.72,35812489.0
2020-04-24,25.92,26.15,24.67,25.56,34850727.0
2020-04-27,25.99,26.34,24.87,25.0,35980034.0
2020-04-28,25.86,28.43,25.5,27.84,59812102.0
2020-04-29,29.58,31.84,29.49,31.21,52643463.0
2020-04-30,29.66,31.07,28.32,29.58,44896845.0
2020-05-01,28.1,29.25,26.13,26.62,47710309.0
2020-05-04,23.91,25.56,22.76,25.26,63152395.0
2020-05-05,26.04,26.35,23.98,24.12,35651671.0
2020-05-06,23.96,24.35,22.39,22.91,43355299.0
2020-05-07,22.96,24.45,22.45,22.75,44179275.0
2020-05-08,23.58,25.44,23.32,25.42,55613248.0
2020-05-11,24.5,24.64,23.46,23.97,47485794.0
2020-05-12,23.95,24.46,22.74,22.76,40420913.0
2020-05-13,22.51,22.64,20.33,20.71,59007864.0
2020-05-14,19.72,20.43,18.18,20.3,74107763.0
2020-05-15,19.67,20.96,19.28,19.92,39807953.0
2020-05-18,21.79,24.26,21.46,24.13,72914839.0
2020-05-19,25.62,25.67,23.33,23.68,81387952.0
2020-05-20,24.38,25.39,24.3,24.91,56271963.0
2020-05-21,25.09,26.58,25.0,25.84,53737286.0
2020-05-22,26.38,26.58,24.67,25.4,45062054.0
2020-05-26,27.48,29.88,27.45,29.54,88220681.0
2020-05-27,32.25,32.75,28.54,30.69,89323153.0
2020-05-28,30.0,30.0,28.53,28.89,57401175.0
2020-05-29,27.11,28.88,26.65,28.04,64483619.0
2020-06-01,28.19,30.29,27.95,29.46,57585068.0
2020-06-02,30.12,30.92,29.31,29.91,47473423.0
2020-06-03,30.75,33.9,30.39,33.65,85543749.0
2020-06-04,35.77,39.85,34.14,39.1,142812822.0
2020-06-05,48.95,48.95,41.26,42.41,135585187.0
2020-06-08,45.86,48.85,44.57,48.69,89957309.0
2020-06-09,45.0,46.1,41.5,44.64,79612837.0
2020-06-10,42.04,42.6,38.3,39.72,105254914.0
2020-06-11,33.26,36.38,32.22,33.32,104768771.0
2020-06-12,37.51,39.68,36.15,39.66,98882648.0
2020-06-15,36.04,39.87,35.51,39.0,102434837.0
2020-06-16,42.51,42.75,39.52,40.21,71155208.0
2020-06-17,39.09,39.77,38.22,39.25,60125887.0
2020-06-18,37.65,40.2,37.5,39.34,64927112.0
2020-06-19,39.94,40.26,35.76,36.84,101013889.0
2020-06-22,35.18,37.1,35.0,36.54,65256605.0
2020-06-23,36.56,36.88,34.37,36.08,63531776.0
2020-06-24,34.68,35.23,32.62,33.07,65450849.0
2020-06-25,31.35,34.76,31.03,34.69,72479467.0
2020-06-26,34.5,34.61,32.0,32.89,58993341.0
2020-06-29,33.2,35.5,31.81,35.27,64905787.0
2020-06-30,34.6,35.36,33.23,34.61,54406449.0
2020-07-01,36.92,38.37,34.03,34.45,87861288.0
2020-07-02,35.88,36.08,33.95,34.14,53576626.0
2020-07-06,34.76,35.41,33.52,35.21,46540285.0
2020-07-07,34.07,34.12,32.38,32.55,47337561.0
2020-07-08,31.62,33.03,31.32,32.53,55863871.0
2020-07-09,32.0,32.49,29.96,30.17,53324015.0
2020-07-10,29.38,32.9,29.23,32.67,80475539.0
2020-07-13,33.23,33.37,31.01,31.76,56572983.0
2020-07-14,30.7,32.32,30.42,31.74,44172199.0
2020-07-15,34.13,36.78,33.16,36.37,84741889.0
2020-07-16,34.6,35.38,33.88,34.49,53333159.0
2020-07-17,34.27,34.98,33.48,33.92,37397502.0
2020-07-20,33.9,34.39,32.18,32.33,36534210.0
2020-07-21,32.64,33.79,32.46,33.07,45932073.0
2020-07-22,32.82,33.26,31.63,31.67,48195751.0
2020-07-23,31.35,35.13,30.95,33.23,82254207.0
2020-07-24,32.88,33.69,32.47,32.88,38446609.0
2020-07-27,32.89,33.66,32.05,32.42,33062563.0
2020-07-28,32.27,34.04,32.27,33.46,41625352.0
2020-07-29,33.61,34.15,32.22,32.57,31122766.0
2020-07-30,32.03,32.28,31.55,31.74,31536796.0
2020-07-31,31.69,31.77,30.69,31.38,29612057.0
2020-08-03,31.33,32.28,30.32,31.87,35214418.0
2020-08-04,32.01,33.7,32.01,32.29,30010096.0
2020-08-05,33.31,34.57,32.17,33.73,49260749.0
2020-08-06,34.25,35.03,33.23,34.4,51250743.0
2020-08-07,33.9,34.42,33.45,34.33,30394464.0
2020-08-10,34.65,37.55,34.64,37.54,48876392.0
2020-08-11,39.64,39.86,36.66,36.83,56549341.0
2020-08-12,37.55,37.74,35.47,36.4,35005417.0
2020-08-13,35.75,37.52,35.52,35.81,35460092.0
2020-08-14,35.35,36.57,35.2,36.18,28384144.0
2020-08-17,36.21,36.3,34.36,34.4,22574255.0
2020-08-18,34.39,34.88,33.58,33.98,19070273.0
2020-08-19,34.36,36.56,34.13,34.44,40587931.0
2020-08-20,33.92,34.39,33.2,34.05,28196951.0
2020-08-21,33.8,34.44,32.98,33.04,22730340.0
2020-08-24,33.67,36.39,33.2,36.32,50533589.0
2020-08-25,36.44,36.94,34.48,35.22,39748269.0
2020-08-26,35.26,35.51,34.11,34.25,23414509.0
2020-08-27,35.5,37.99,35.18,36.22,51046519.0
2020-08-28,37.14,37.44,35.89,37.34,35228929.0
2020-08-31,37.25,37.44,35.73,36.0,27114238.0
2020-09-01,35.25,37.24,34.95,36.01,29757267.0
2020-09-02,36.1,37.1,35.21,36.89,26622811.0
2020-09-03,37.13,39.77,36.14,37.4,53966447.0
2020-09-04,38.15,38.74,36.46,38.21,33121590.0
2020-09-08,37.3,38.48,36.48,37.28,33207116.0
2020-09-09,36.9,37.08,35.59,36.03,25407620.0
2020-09-10,36.35,37.33,36.18,36.45,24905319.0
2020-09-11,36.63,36.8,35.48,36.07,19198709.0
2020-09-14,36.3,36.88,35.84,36.74,18939876.0
2020-09-15,36.84,37.88,36.38,36.8,21378239.0
2020-09-16,36.9,38.9,36.36,38.3,33301841.0
2020-09-17,37.69,39.28,37.14,38.36,31339682.0
2020-09-18,38.16,38.34,36.68,36.97,32772794.0
2020-09-21,35.4,35.47,33.18,33.79,29900929.0
2020-09-22,34.15,34.65,33.56,34.07,16700552.0
2020-09-23,34.28,35.05,33.05,33.08,21576925.0
2020-09-24,32.79,33.4,31.22,32.74,24638809.0
2020-09-25,32.56,34.27,32.49,34.2,21461109.0
2020-09-28,35.32,36.9,34.66,35.94,34828066.0
2020-09-29,35.55,35.61,34.24,34.51,25029773.0
2020-09-30,34.95,36.22,34.54,34.75,29441351.0
2020-10-01,35.23,35.49,34.57,35.18,18972215.0
2020-10-02,33.36,36.77,33.27,36.01,35080985.0
2020-10-05,36.43,36.58,35.42,36.2,18046415.0
2020-10-06,36.73,37.09,34.84,34.88,28719027.0
2020-10-07,36.51,37.22,35.88,36.38,27677310.0
2020-10-08,37.16,37.69,35.85,37.0,28333465.0
2020-10-09,37.05,37.8,36.27,37.12,25311770.0
2020-10-12,36.7,36.99,36.26,36.38,20202572.0
2020-10-13,35.67,35.95,35.22,35.26,17302985.0
2020-10-14,35.26,36.33,35.17,35.61,15064442.0
2020-10-15,35.18,35.38,33.64,34.25,23651963.0
2020-10-16,34.31,34.58,33.82,34.16,16210035.0
2020-10-19,34.45,36.55,34.44,35.5,33094432.0
2020-10-20,36.16,36.59,35.2,36.06,22578065.0
2020-10-21,35.91,36.14,35.21,35.54,16092670.0
2020-10-22,35.9,37.45,35.65,37.24,24747751.0
2020-10-23,37.1,38.1,36.52,38.01,20690272.0
2020-10-26,37.37,37.4,34.67,35.34,25924487.0
2020-10-27,35.11,35.65,34.15,34.17,17594206.0
2020-10-28,33.11,33.66,32.16,32.6,21822932.0
2020-10-29,32.63,33.75,32.43,33.57,17257404.0
2020-10-30,33.15,34.02,32.83,33.86,18795301.0
2020-11-02,34.08,34.1,32.95,33.78,13901027.0
2020-11-03,34.32,34.68,33.76,34.02,16309029.0
2020-11-04,34.0,34.25,32.96,33.34,14812281.0
2020-11-05,33.7,35.46,33.57,35.35,16192113.0
2020-11-06,34.9,35.15,34.2,34.68,13194121.0
2020-11-09,41.9,44.06,39.13,41.32,60942626.0
2020-11-10,40.45,41.63,39.48,40.05,26596642.0
2020-11-11,40.07,40.16,38.19,38.51,20044085.0
2020-11-12,37.45,38.71,36.56,36.85,23543724.0
2020-11-13,37.24,39.1,37.08,38.99,20034685.0
2020-11-16,42.18,42.78,40.05,41.0,28722695.0
2020-11-17,40.0,41.1,39.58,40.6,19661440.0
2020-11-18,41.49,42.89,41.05,41.05,22481992.0
2020-11-19,41.0,41.44,40.19,40.94,18556311.0
2020-11-20,40.71,40.97,39.67,39.9,15604677.0
2020-11-23,40.18,41.18,40.05,40.93,21729997.0
2020-11-24,42.71,45.0,42.45,44.96,29934567.0
2020-11-25,44.49,45.91,43.65,45.64,24250768.0
2020-11-27,46.2,46.76,45.14,45.3,14103891.0
2020-11-30,46.47,46.5,44.2,45.05,23401474.0
2020-12-01,45.83,46.57,45.23,45.32,18860212.0
2020-12-02,45.1,46.73,44.52,46.73,17745667.0
2020-12-03,47.67,50.97,47.66,49.91,32545226.0
2020-12-04,50.49,51.31,48.77,49.24,26300629.0
2020-12-07,49.28,50.35,48.71,49.2,22364645.0
2020-12-08,49.02,50.4,48.72,49.04,17797906.0
2020-12-09,49.84,50.09,46.73,48.02,23325078.0
2020-12-10,46.74,49.71,46.6,49.64,19020500.0
2020-12-11,49.15,49.89,47.64,48.36,14770643.0
2020-12-14,49.6,49.65,46.7,46.72,15744995.0
2020-12-15,47.2,47.56,45.8,47.46,16836295.0
2020-12-16,46.5,46.91,45.55,46.0,17369545.0
2020-12-17,46.3,46.4,45.46,45.88,13785021.0
2020-12-18,45.75,45.95,44.56,44.74,16333232.0
2020-12-21,43.35,44.42,42.63,44.06,21879086.0
2020-12-22,44.65,44.79,42.43,42.97,16602731.0
2020-12-23,43.1,44.69,43.08,44.11,15284729.0
2020-12-24,44.4,44.42,43.01,43.26,7230607.0
2020-12-28,44.04,44.63,43.75,43.92,13693204.0
2020-12-29,44.45,44.65,43.55,43.74,9927674.0
2020-12-30,43.64,44.76,43.46,44.65,9473270.0
2020-12-31,44.41,44.56,43.11,43.25,12683975.0
2021-01-04,43.68,43.7,41.43,41.63,14703050.0
2021-01-05,41.58,43.6,41.5,43.4,12294450.0
2021-01-06,43.6,44.28,42.86,43.54,12318860.0
2021-01-07,43.8,44.84,43.61,43.62,9592931.0
2021-01-08,43.58,44.0,43.02,43.29,9215340.0
2021-01-11,42.67,43.26,42.25,42.7,8988803.0
2021-01-12,42.81,44.17,42.46,44.08,9053062.0
2021-01-13,44.17,44.64,43.44,44.43,11390177.0
2021-01-14,45.32,46.8,45.32,46.29,16310456.0
2021-01-15,45.85,45.98,43.88,43.89,13211536.0
2021-01-19,44.6,44.9,43.77,44.75,9706312.0
2021-01-20,45.04,45.65,44.41,45.18,11661304.0
2021-01-21,43.8,43.98,41.72,42.59,32185626.0
2021-01-22,41.95,42.29,41.61,42.14,13544971.0
2021-01-25,41.54,41.73,39.9,40.38,20281919.0
2021-01-26,40.8,41.39,40.56,41.25,13388598.0
2021-01-27,40.74,41.65,40.31,40.91,15279986.0
2021-01-28,42.83,44.2,41.62,42.55,22174963.0
2021-01-29,42.11,42.5,39.77,39.99,24192571.0
2021-02-01,40.35,40.41,39.18,39.94,13143423.0
2021-02-02,40.63,40.91,39.94,40.83,13118649.0
2021-02-03,41.02,42.2,40.52,42.04,15174840.0
2021-02-04,42.15,42.61,41.84,42.41,13633792.0
2021-02-05,42.88,42.94,41.94,42.14,10764265.0
2021-02-08,42.5,44.64,42.22,44.35,19794297.0
2021-02-09,44.06,44.09,42.82,43.32,11967158.0
2021-02-10,43.86,44.22,43.36,43.78,9772515.0
2021-02-11,43.64,43.84,42.99,43.44,8478124.0
2021-02-12,43.11,44.47,42.9,43.94,8987489.0
2021-02-16,45.07,45.81,44.56,45.71,13954879.0
2021-02-17,45.41,46.48,44.72,46.08,12840055.0
2021-02-18,45.2,45.44,44.3,44.96,10250399.0
2021-02-19,45.52,48.36,45.44,48.03,21112041.0
2021-02-22,49.26,51.82,48.35,49.7,27547898.0
2021-02-23,50.2,51.18,46.96,50.61,20124969.0
2021-02-24,51.11,55.87,50.87,54.96,27482084.0
2021-02-25,54.85,55.0,50.42,51.78,25949974.0
2021-02-26,51.51,53.41,51.2,52.68,18330190.0
2021-03-01,55.44,55.93,52.78,53.31,19500588.0
2021-03-02,53.66,54.05,52.75,53.21,12370989.0
2021-03-03,53.61,55.2,53.28,54.57,18438946.0
2021-03-04,54.64,54.85,49.95,52.05,19937491.0
2021-03-05,52.65,52.73,46.56,50.52,21503158.0
2021-03-08,51.35,54.33,51.34,54.06,17588966.0
2021-03-09,53.81,54.16,51.8,53.43,15292842.0
2021-03-10,53.4,54.37,52.85,53.92,13438932.0
2021-03-11,54.3,55.87,53.37,54.06,17140757.0
2021-03-12,54.0,56.44,53.61,56.29,19762477.0
2021-03-15,58.25,61.69,57.92,60.94,35374512.0
2021-03-16,61.11,61.2,59.21,59.81,18306413.0
2021-03-17,59.11,62.56,58.86,62.45,18338038.0
2021-03-18,62.17,63.7,60.58,60.82,19129709.0
2021-03-19,60.9,60.95,58.64,60.77,19643819.0
2021-03-22,59.75,60.2,58.21,58.33,12958276.0
2021-03-23,57.11,58.08,53.85,54.36,21698204.0
2021-03-24,55.66,56.96,53.78,53.83,18015776.0
2021-03-25,52.91,56.29,52.03,56.05,21500079.0
2021-03-26,57.09,57.37,55.22,56.83,15432445.0
2021-03-29,56.8,57.31,55.41,56.2,12083040.0
2021-03-30,56.78,58.5,56.48,58.21,12708910.0
2021-03-31,58.0,58.01,57.06,57.54,11023782.0
2021-04-01,57.66,58.55,57.28,57.82,10932226.0
2021-04-05,59.34,60.89,58.94,59.29,17175712.0
2021-04-06,59.88,60.42,58.87,59.48,11917227.0
2021-04-07,59.79,61.34,59.19,59.57,13772591.0
2021-04-08,59.14,59.47,57.75,59.43,13655758.0
2021-04-09,59.02,59.36,57.79,58.43,10896080.0
2021-04-12,57.57,57.71,55.29,56.16,18714698.0
2021-04-13,54.41,56.86,53.9,56.66,15349381.0
2021-04-14,57.46,58.52,56.54,56.92,12971146.0
2021-04-15,57.79,57.85,55.57,56.12,12123396.0
2021-04-16,56.47,57.15,55.71,55.87,10620386.0
2021-04-19,55.79,55.97,54.74,54.99,13984371.0
2021-04-20,53.47,53.79,49.47,50.3,44364750.0
2021-04-21,49.88,51.89,48.9,51.86,21085585.0
2021-04-22,52.34,53.09,50.88,51.03,20538150.0
2021-04-23,51.21,53.35,50.64,53.11,13862419.0
2021-04-26,54.05,54.47,53.22,53.78,12358766.0
2021-04-27,53.78,54.12,53.19,53.48,10331466.0
2021-04-28,53.25,54.04,52.97,53.55,11535979.0
2021-04-29,54.1,54.32,53.12,53.69,9804825.0
2021-04-30,53.22,54.91,53.13,54.4,11143955.0
2021-05-03,54.67,54.87,53.61,54.46,9912920.0
2021-05-04,54.09,54.47,51.73,52.8,13673150.0
2021-05-05,52.75,53.96,52.44,53.27,11151324.0
2021-05-06,53.43,53.77,52.1,53.05,10524357.0
2021-05-07,52.93,54.96,52.69,54.73,11819918.0
2021-05-10,54.95,55.61,54.0,54.03,10852915.0
2021-05-11,52.04,53.17,51.2,52.7,15065935.0
2021-05-12,52.12,53.08,50.9,51.01,12728687.0
2021-05-13,51.42,52.73,51.07,52.43,13373744.0
2021-05-14,53.4,55.51,53.29,55.28,14499188.0
2021-05-17,55.01,56.73,54.26,56.57,17529926.0
2021-05-18,57.08,57.75,55.95,56.38,13706168.0
2021-05-19,55.08,56.27,54.48,55.79,15121626.0
2021-05-20,56.0,56.0,54.21,55.09,11702491.0
2021-05-21,55.45,55.97,55.12,55.3,10527393.0
2021-05-24,56.0,56.34,54.92,56.14,9470671.0
2021-05-25,57.65,59.29,56.78,56.98,23605740.0
2021-05-26,57.75,58.43,57.23,58.01,11697308.0
2021-05-27,58.59,59.23,57.87,59.13,12307490.0
2021-05-28,58.95,59.2,57.96,58.35,14357297.0
2021-06-01,59.12,60.41,58.96,59.67,14321083.0
2021-06-02,60.15,60.59,59.61,60.29,12089180.0
2021-06-03,59.6,59.6,57.68,57.73,13746467.0
2021-06-04,58.3,58.4,56.72,56.93,13622768.0
2021-06-07,57.34,57.97,57.02,57.3,8914964.0
2021-06-08,57.9,58.12,56.83,57.73,10777956.0
2021-06-09,57.99,58.01,57.17,57.23,8151464.0
2021-06-10,57.6,58.07,55.93,56.26,11663964.0
2021-06-11,56.16,56.83,56.1,56.52,9780472.0
2021-06-14,56.63,57.0,55.54,55.74,8248534.0
2021-06-15,55.74,56.02,54.92,55.29,7541966.0
2021-06-16,55.18,56.1,54.98,55.6,9952010.0
2021-06-17,55.77,56.41,53.48,54.24,12509916.0
2021-06-18,53.87,55.38,53.54,54.92,12490745.0
2021-06-21,55.24,55.88,54.55,55.69,10891566.0
2021-06-22,55.49,55.57,54.1,55.17,9819669.0
2021-06-23,55.13,55.49,54.9,55.12,9957545.0
2021-06-24,55.11,55.39,53.96,54.34,11548556.0
2021-06-25,54.52,54.57,53.72,53.88,12256367.0
2021-06-28,53.5,53.51,51.67,52.49,19098758.0
2021-06-29,52.66,53.08,52.03,52.15,12598306.0
2021-06-30,52.27,52.96,51.87,52.29,9244478.0
2021-07-01,52.79,53.76,52.69,53.08,8577588.0
2021-07-02,53.17,53.17,52.09,52.77,9219856.0
2021-07-06,52.68,53.21,51.02,51.44,10652336.0
2021-07-07,51.04,51.87,49.78,50.3,12719050.0
2021-07-08,49.08,50.52,48.57,49.66,13207761.0
2021-07-09,50.33,51.32,49.97,51.1,9914705.0
2021-07-12,50.33,51.02,49.44,50.62,11567189.0
2021-07-13,49.76,50.04,48.38,48.5,14287157.0
2021-07-14,49.04,49.96,47.87,48.16,14949343.0
2021-07-15,47.9,48.63,46.96,47.71,12331828.0
2021-07-16,48.45,48.48,45.83,46.01,13760722.0
2021-07-19,43.7,44.65,42.56,43.46,26444011.0
2021-07-20,43.55,46.46,43.07,46.32,21894036.0
2021-07-21,47.12,48.94,46.99,48.1,23048276.0
2021-07-22,47.69,48.7,46.8,47.95,12922278.0
2021-07-23,48.14,48.48,47.16,47.53,9491348.0
2021-07-26,47.5,49.53,47.4,49.46,10775250.0
2021-07-27,49.11,49.57,48.09,48.65,10559900.0
2021-07-28,49.08,49.51,48.04,49.14,9772459.0
2021-07-29,49.58,49.6,48.46,48.49,7643569.0
2021-07-30,47.69,48.23,46.49,46.72,12123471.0
2021-08-02,46.85,48.23,45.95,46.07,10995896.0
2021-08-03,46.12,46.57,44.61,46.54,12596991.0
2021-08-04,45.52,46.65,44.9,45.28,12205041.0
2021-08-05,45.52,47.67,45.38,47.24,12644615.0
2021-08-06,47.72,48.13,46.58,47.62,9919257.0
2021-08-09,46.99,47.0,45.53,46.45,13064799.0
2021-08-10,46.37,48.24,46.17,47.68,12551748.0
2021-08-11,47.14,48.41,46.46,48.21,12779269.0
2021-08-12,47.91,48.01,46.55,47.24,9323627.0
2021-08-13,47.08,47.38,46.27,46.49,7572363.0
2021-08-16,45.62,46.55,45.16,46.3,8408444.0
2021-08-17,45.44,45.8,44.52,45.29,9745534.0
2021-08-18,45.12,45.99,44.71,45.04,9460719.0
2021-08-19,44.77,44.9,43.17,43.93,12360708.0
2021-08-20,43.79,44.32,43.48,44.03,9866975.0
2021-08-23,44.64,45.63,44.32,45.53,8269215.0
2021-08-24,46.34,47.56,46.28,47.12,10047996.0
2021-08-25,47.3,47.94,46.54,47.59,9772287.0
2021-08-26,47.3,48.02,46.4,47.01,8604046.0
2021-08-27,47.17,48.22,47.03,47.71,6824272.0
2021-08-30,48.01,48.01,45.71,45.91,11376129.0
2021-08-31,45.73,46.83,45.61,46.51,8884233.0
2021-09-01,46.75,46.93,45.95,46.19,8607983.0
2021-09-02,46.28,47.49,45.87,46.76,9785416.0
2021-09-03,46.6,47.36,45.92,46.22,7710172.0
2021-09-07,46.02,46.78,45.68,46.57,7812349.0
2021-09-08,46.7,47.19,45.42,45.53,9053359.0
2021-09-09,45.24,47.74,45.07,46.58,12872337.0
2021-09-10,46.82,46.82,44.18,44.34,17498633.0
2021-09-13,44.73,45.18,43.57,44.84,14173593.0
2021-09-14,44.63,44.93,43.58,43.87,10762752.0
2021-09-15,43.65,43.91,43.02,43.86,10321569.0
2021-09-16,43.86,45.41,43.85,44.47,12204301.0
2021-09-17,44.78,45.5,44.11,44.54,11743870.0
2021-09-20,44.76,45.34,43.59,45.27,14700328.0
2021-09-21,45.5,46.26,44.28,44.45,12217719.0
2021-09-22,44.85,46.29,44.83,45.68,13782969.0
2021-09-23,46.18,47.83,46.1,47.47,13703508.0
2021-09-24,47.38,48.95,47.38,48.79,12236356.0
2021-09-27,49.51,50.56,48.98,49.08,14094302.0
2021-09-28,49.02,49.67,48.35,48.68,9820648.0
2021-09-29,48.88,49.41,47.78,48.71,9791562.0
2021-09-30,48.38,48.4,47.18,47.57,12016541.0
2021-10-01,48.9,51.48,48.88,51.34,21464897.0
2021-10-04,51.76,52.43,50.98,51.3,13986660.0
2021-10-05,51.36,51.86,50.37,50.88,9828086.0
2021-10-06,49.85,50.28,49.06,50.22,9995859.0
2021-10-07,50.87,50.9,49.21,49.52,10812061.0
2021-10-08,49.5,49.65,48.65,49.16,7349319.0
2021-10-11,48.75,49.98,48.23,49.18,8145107.0
2021-10-12,49.09,50.14,48.67,49.67,7402318.0
2021-10-13,49.37,49.41,47.46,47.88,13271546.0
2021-10-14,48.33,48.65,47.83,47.91,7434975.0
2021-10-15,48.63,49.29,47.94,48.0,8527987.0
2021-10-18,47.7,48.13,47.15,47.17,9126832.0
2021-10-19,47.2,47.25,46.08,46.22,14646375.0
2021-10-20,46.9,46.9,45.58,45.95,19751205.0
2021-10-21,46.18,47.18,45.98,46.72,13252595.0
2021-10-22,46.12,47.38,46.12,46.73,8565757.0
2021-10-25,46.54,47.18,46.24,46.65,7494238.0
2021-10-26,47.1,47.63,46.54,46.79,9345532.0
2021-10-27,47.12,47.43,45.79,45.82,7896598.0
2021-10-28,46.0,46.26,45.44,46.01,7376817.0
2021-10-29,45.86,46.45,45.48,46.14,9674916.0
2021-11-01,46.18,48.15,45.82,48.05,13566892.0
2021-11-02,47.92,48.08,47.19,47.98,8764855.0
2021-11-03,47.78,49.23,47.19,49.05,11270831.0
2021-11-04,49.3,49.47,48.38,49.14,8659241.0
2021-11-05,52.39,52.87,50.88,52.71,21551754.0
2021-11-08,53.87,54.52,52.81,53.11,14923105.0
2021-11-09,52.91,53.1,51.66,52.81,7623949.0
2021-11-10,51.93,52.81,51.53,51.77,7155824.0
2021-11-11,51.57,52.15,51.31,51.34,5878841.0
2021-11-12,51.35,51.41,49.28,49.83,10277123.0
2021-11-15,50.2,50.83,50.07,50.48,6506751.0
2021-11-16,50.2,50.36,48.92,49.2,9333059.0
2021-11-17,48.68,49.5,48.26,48.74,8291600.0
2021-11-18,48.68,48.85,46.91,47.43,9883648.0
2021-11-19,46.54,46.54,45.22,46.11,17013976.0
2021-11-22,46.68,47.33,45.8,46.48,10953997.0
2021-11-23,46.75,47.58,46.46,46.7,7006859.0
2021-11-24,46.2,47.13,45.8,46.73,5595585.0
2021-11-26,43.67,43.71,40.11,42.26,36386880.0
2021-11-29,43.18,44.11,41.68,42.54,18487111.0
2021-11-30,41.45,42.34,40.67,42.26,14919014.0
2021-12-01,43.03,43.57,38.88,39.06,27539017.0
2021-12-02,39.77,42.04,38.9,41.64,24005568.0
2021-12-03,41.22,41.59,39.7,40.61,17327272.0
2021-12-06,41.61,45.41,41.53,43.99,27543837.0
2021-12-07,44.98,45.46,42.98,43.41,17780996.0
2021-12-08,43.74,46.6,43.59,45.25,22497259.0
2021-12-09,44.8,45.25,43.98,44.44,12453111.0
2021-12-10,44.16,44.29,43.12,44.05,11038396.0
2021-12-13,42.84,42.99,41.05,41.74,16089480.0
2021-12-14,41.16,42.59,41.16,41.38,12280254.0
2021-12-15,41.1,41.64,39.74,41.5,14853342.0
2021-12-16,42.33,42.65,39.88,40.05,12724177.0
2021-12-17,40.33,41.62,39.48,40.78,15031335.0
2021-12-20,39.46,41.71,39.11,41.1,14567180.0
2021-12-21,41.62,44.23,41.58,43.93,19615766.0
2021-12-22,43.95,45.21,43.51,44.57,13013124.0
2021-12-23,45.22,45.48,44.34,44.87,10322991.0
2021-12-27,43.56,44.78,43.08,44.58,11239297.0
2021-12-28,44.32,45.8,44.05,45.27,9256245.0
2021-12-29,44.82,45.17,44.33,44.43,8341042.0
2021-12-30,44.29,45.2,44.07,44.13,9854573.0
2021-12-31,44.14,44.71,43.72,43.78,7398931.0
2022-01-03,44.67,46.4,44.61,45.49,13889940.0
2022-01-04,46.55,47.02,45.9,46.25,11254866.0
2022-01-05,46.7,47.1,45.54,45.78,10987887.0
2022-01-06,46.46,46.9,45.21,45.77,8225848.0
2022-01-07,46.31,47.77,45.99,47.31,11643916.0
2022-01-10,47.53,47.77,46.18,46.58,9204548.0
2022-01-11,46.41,47.55,46.15,46.9,8589861.0
2022-01-12,46.95,47.51,46.28,46.54,8995734.0
2022-01-13,47.21,49.27,46.78,48.17,14671228.0
2022-01-14,47.3,47.54,46.09,46.74,11204767.0
2022-01-18,45.92,46.98,45.45,45.61,11128114.0
2022-01-19,45.52,45.7,44.35,44.4,10365279.0
2022-01-20,44.35,44.84,42.81,42.88,15589624.0
2022-01-21,42.67,43.02,41.27,41.65,16065163.0
2022-01-24,40.15,41.49,38.84,41.39,20968679.0
2022-01-25,40.8,42.11,40.56,41.78,11304636.0
2022-01-26,42.46,43.06,41.02,41.43,13585746.0
2022-01-27,41.85,42.78,40.71,40.93,12936444.0
2022-01-28,40.65,40.93,38.79,40.91,14042664.0
2022-01-31,40.52,42.91,40.2,42.88,11871003.0
2022-02-01,43.01,44.23,42.72,43.96,9614301.0
2022-02-02,43.95,45.35,43.2,44.12,12135270.0
2022-02-03,43.59,44.48,43.04,43.08,8016485.0
2022-02-04,42.74,43.13,41.98,42.82,8956941.0
2022-02-07,43.37,44.99,43.21,44.44,10462880.0
2022-02-08,44.99,46.91,44.57,46.83,12211668.0
2022-02-09,47.27,49.29,47.2,48.93,15867938.0
2022-02-10,48.23,50.16,47.98,49.24,16295801.0
2022-02-11,49.3,50.25,46.59,46.97,15711571.0
2022-02-14,47.48,48.73,46.6,46.93,10641740.0
2022-02-15,48.6,50.51,48.47,50.48,17789060.0
2022-02-16,50.07,50.94,49.62,50.21,10118922.0
2022-02-17,49.28,49.72,47.94,48.36,9932345.0
2022-02-18,48.22,48.91,47.23,47.43,10238296.0
2022-02-22,46.6,47.54,45.94,46.32,11015100.0
2022-02-23,46.85,47.05,43.78,43.85,12835912.0
2022-02-24,40.75,44.22,40.43,44.06,19073472.0
2022-02-25,45.01,46.49,44.57,45.85,15838156.0
2022-02-28,44.11,44.8,43.24,44.4,14839858.0
2022-03-01,43.64,43.88,41.01,41.85,18149042.0
2022-03-02,42.65,43.35,42.33,42.42,12915781.0
2022-03-03,42.92,43.29,40.11,40.37,15663882.0
2022-03-04,39.26,39.48,36.16,36.71,36684001.0
2022-03-07,36.14,36.5,30.86,31.2,45172415.0
2022-03-08,31.8,34.24,30.54,32.24,34172808.0
2022-03-09,34.44,36.46,34.28,34.9,34309039.0
2022-03-10,33.7,35.76,33.05,35.2,18456402.0
2022-03-11,35.94,36.14,34.67,34.87,15575920.0
2022-03-14,34.87,36.43,34.25,35.02,16023155.0
2022-03-15,37.26,38.78,37.0,38.24,23183168.0
2022-03-16,39.07,41.23,38.97,41.19,22511180.0
2022-03-17,39.87,41.42,39.45,41.42,17002053.0
2022-03-18,40.97,42.39,40.6,42.35,15842626.0
2022-03-21,41.62,41.71,40.46,40.85,14758149.0
2022-03-22,41.25,42.72,41.17,42.2,13179155.0
2022-03-23,41.76,42.11,41.34,41.53,9409864.0
2022-03-24,41.76,42.86,41.03,42.78,11308448.0
2022-03-25,42.68,43.95,42.62,43.18,12835076.0
2022-03-28,43.65,43.91,42.59,43.86,12507848.0
2022-03-29,45.37,46.28,44.84,45.67,15886545.0
2022-03-30,45.19,46.12,44.94,45.86,9884309.0
2022-03-31,46.13,46.86,45.62,46.36,11832055.0
2022-04-01,46.51,46.8,45.57,45.78,9768895.0
2022-04-04,45.43,46.01,44.33,45.53,8878189.0
2022-04-05,45.69,46.04,44.08,44.71,12020442.0
2022-04-06,43.26,43.7,41.46,43.07,15403050.0
2022-04-07,42.83,42.86,41.08,42.4,11385899.0
2022-04-08,42.27,42.77,41.6,41.96,9124070.0
2022-04-11,41.22,43.46,41.21,42.42,10624311.0
2022-04-12,42.57,43.32,41.79,42.73,9933290.0
2022-04-13,44.71,45.38,44.01,45.14,16966570.0
2022-04-14,45.49,46.51,45.04,45.13,12314943.0
2022-04-18,44.18,44.96,43.46,43.97,12677432.0
2022-04-19,44.52,46.14,44.48,45.95,13667408.0
2022-04-20,46.37,46.94,45.75,46.52,19528658.0
2022-04-21,50.44,52.46,50.23,50.85,42225042.0
2022-04-22,52.01,53.12,51.12,51.46,23701358.0
2022-04-25,51.01,51.68,49.73,51.3,16254043.0
2022-04-26,50.74,51.06,48.61,48.86,16046062.0
2022-04-27,48.75,50.51,48.18,50.28,13381891.0
2022-04-28,50.7,51.96,49.93,51.82,12786695.0
2022-04-29,51.39,52.48,50.31,50.5,10699197.0
2022-05-02,50.49,50.83,48.7,50.19,13391949.0
2022-05-03,50.39,51.8,49.65,51.38,12214872.0
2022-05-04,51.01,52.13,50.07,51.9,12953220.0
2022-05-05,50.98,51.73,48.47,48.9,15536286.0
2022-05-06,48.81,48.95,46.5,47.52,13824524.0
2022-05-09,46.56,46.88,42.92,43.31,16391930.0
2022-05-10,44.2,44.85,43.08,44.12,14104721.0
2022-05-11,43.91,45.98,42.94,43.18,15388033.0
2022-05-12,42.25,42.82,40.11,41.5,19112440.0
2022-05-13,42.35,43.64,42.19,43.27,13874689.0
2022-05-16,43.17,44.6,42.98,43.54,9832062.0
2022-05-17,45.42,47.1,45.4,46.97,13756398.0
2022-05-18,46.21,47.16,44.27,44.63,12138067.0
2022-05-19,43.94,45.36,43.87,44.21,10157806.0
2022-05-20,45.0,45.27,42.26,43.55,12924345.0
2022-05-23,44.14,45.11,43.36,44.76,10144063.0
2022-05-24,43.65,43.99,41.0,41.57,13328459.0
2022-05-25,41.41,43.24,41.23,43.08,11007489.0
2022-05-26,43.73,46.64,43.64,46.07,13895967.0
2022-05-27,46.42,48.63,46.4,48.41,10995204.0
2022-05-31,46.79,48.5,46.31,47.63,16931823.0
2022-06-01,48.23,48.31,44.58,45.49,12460216.0
2022-06-02,45.44,46.09,44.0,45.77,8383486.0
2022-06-03,44.84,44.91,43.42,44.43,10413092.0
2022-06-06,45.02,45.38,44.13,44.76,7860189.0
2022-06-07,44.5,46.58,44.17,46.45,10441718.0
2022-06-08,45.42,46.3,44.5,44.6,8219338.0
2022-06-09,44.31,44.56,42.67,42.7,10364591.0
2022-06-10,41.68,43.32,40.77,41.16,16492150.0
2022-06-13,39.84,39.9,36.77,37.02,17493547.0
2022-06-14,37.48,37.76,36.05,36.99,12608777.0
2022-06-15,37.53,38.82,37.1,37.89,16355298.0
2022-06-16,36.43,36.59,34.36,34.78,15128015.0
2022-06-17,34.87,36.56,33.86,36.28,19451838.0
2022-06-21,37.35,37.45,35.78,36.5,10584233.0
2022-06-22,35.85,37.31,35.7,36.72,9037089.0
2022-06-23,36.5,36.7,34.77,35.81,11778662.0
2022-06-24,35.53,38.63,35.53,38.51,13245282.0
2022-06-27,38.82,38.82,37.12,37.2,9770053.0
2022-06-28,38.14,39.88,36.87,36.97,12433880.0
2022-06-29,36.25,36.34,35.19,35.68,10245131.0
2022-06-30,34.46,35.64,33.73,35.42,12620387.0
2022-07-01,35.51,36.5,34.86,36.44,10923092.0
2022-07-05,35.15,37.14,34.44,36.97,15456973.0
2022-07-06,36.56,37.18,35.88,36.66,9664637.0
2022-07-07,36.6,37.1,35.89,36.69,11752061.0
2022-07-08,36.72,37.6,36.33,36.47,9955718.0
2022-07-11,36.21,36.49,35.18,35.37,7570608.0
2022-07-12,35.53,38.65,35.53,38.23,14459252.0
2022-07-13,36.89,38.17,36.45,37.91,11847665.0
2022-07-14,37.33,39.02,37.04,37.85,9181813.0
2022-07-15,38.38,38.83,37.44,38.78,7702497.0
2022-07-18,39.79,40.56,39.16,39.34,11729810.0
2022-07-19,40.22,41.57,40.2,41.47,10518086.0
2022-07-20,41.5,41.97,40.85,41.68,12822062.0
2022-07-21,38.82,38.97,37.24,37.44,29856054.0
2022-07-22,37.8,38.25,36.02,36.33,14579734.0
2022-07-25,36.03,36.41,35.19,36.34,10186923.0
2022-07-26,35.76,36.14,35.28,35.34,8151666.0
2022-07-27,36.18,36.74,35.29,36.42,10580651.0
2022-07-28,35.86,36.85,35.4,36.74,10248709.0
2022-07-29,36.49,37.12,36.24,36.75,7801508.0
2022-08-01,36.69,37.95,36.36,37.69,9471773.0
2022-08-02,37.22,38.12,36.76,37.23,8624860.0
2022-08-03,37.67,38.72,37.5,38.63,10166164.0
2022-08-04,38.62,39.06,37.85,38.63,8985795.0
2022-08-05,38.01,38.79,37.76,37.82,6889271.0
2022-08-08,38.01,39.41,38.01,38.65,7359947.0
2022-08-09,38.21,38.35,37.25,37.8,7627185.0
2022-08-10,38.84,39.55,38.61,38.69,8655362.0
2022-08-11,39.46,39.86,38.49,38.67,8370967.0
2022-08-12,39.1,39.49,38.68,39.34,6796958.0
2022-08-15,39.42,40.32,39.4,39.86,7341027.0
2022-08-16,39.79,40.77,39.44,40.29,6924675.0
2022-08-17,39.56,39.69,38.43,38.96,8557779.0
2022-08-18,38.96,39.15,38.38,39.06,6725427.0
2022-08-19,38.24,38.6,37.22,37.5,8142960.0
2022-08-22,36.5,36.53,35.63,36.36,8481887.0
2022-08-23,36.57,37.12,36.4,36.91,6774998.0
2022-08-24,36.95,37.7,36.61,37.39,5387622.0
2022-08-25,37.63,38.52,37.52,38.27,6296579.0
2022-08-26,38.26,38.62,36.56,36.57,6130177.0
2022-08-29,36.01,36.59,35.85,36.02,6334467.0
2022-08-30,36.49,36.71,35.56,35.94,6660159.0
2022-08-31,36.26,36.32,34.97,35.01,8595594.0
2022-09-01,34.67,35.22,33.74,35.18,9399712.0
2022-09-02,35.68,36.14,34.96,35.31,9496400.0
2022-09-06,35.82,36.73,35.28,36.58,10468423.0
2022-09-07,36.85,38.72,36.75,38.6,11802614.0
2022-09-08,38.1,39.54,37.93,38.88,10187972.0
2022-09-09,39.36,39.61,39.04,39.26,7413417.0
2022-09-12,39.6,40.26,39.11,39.22,7832921.0
2022-09-13,37.74,38.52,37.62,37.79,7532753.0
2022-09-14,37.56,38.47,36.71,38.43,7989980.0
2022-09-15,38.2,39.67,38.15,38.9,8410980.0
2022-09-16,37.93,37.99,37.01,37.48,10788125.0
2022-09-19,37.19,39.02,37.18,38.7,7951085.0
2022-09-20,38.6,39.39,37.63,38.17,9607834.0
2022-09-21,37.48,37.74,36.09,36.12,14719687.0
2022-09-22,36.2,36.3,34.01,34.45,12080954.0
2022-09-23,33.67,33.92,32.27,33.07,13273147.0
2022-09-26,32.73,33.21,31.8,31.9,10792020.0
2022-09-27,32.66,33.25,31.91,32.83,12247299.0
2022-09-28,32.6,34.09,32.17,33.92,10074527.0
2022-09-29,33.34,33.45,32.41,32.91,9418227.0
2022-09-30,32.72,33.14,32.32,32.53,9136388.0
2022-10-03,32.36,33.1,31.58,32.81,8905153.0
2022-10-04,33.99,35.43,33.95,35.33,12024875.0
2022-10-05,34.59,35.62,34.31,35.42,8573476.0
2022-10-06,35.2,35.68,34.25,34.96,9808686.0
2022-10-07,34.7,34.7,33.43,33.86,9386374.0
2022-10-10,34.16,34.52,33.65,34.2,9607419.0
2022-10-11,35.65,35.87,32.71,33.93,12083056.0
2022-10-12,33.51,34.5,33.05,34.23,8886471.0
2022-10-13,34.16,35.88,33.08,35.4,13375296.0
2022-10-14,36.51,36.83,35.33,35.47,11114562.0
2022-10-17,36.5,36.68,35.25,36.1,9615773.0
2022-10-18,37.19,37.43,36.37,37.25,14113136.0
2022-10-19,39.32,40.35,38.41,39.1,28314564.0
2022-10-20,39.32,40.19,38.95,39.05,13004257.0
2022-10-21,38.95,40.97,38.6,40.44,13232541.0
2022-10-24,40.59,42.02,40.22,41.88,11935396.0
2022-10-25,41.74,42.74,41.4,42.6,9671080.0
2022-10-26,42.44,43.6,42.35,42.45,9613671.0
2022-10-27,42.98,43.96,42.93,42.99,7599683.0
2022-10-28,43.27,43.77,42.81,43.72,9134346.0
2022-10-31,43.65,44.17,43.06,43.08,7777775.0
2022-11-01,43.6,43.87,42.52,42.66,8536057.0
2022-11-02,42.19,42.78,41.07,41.11,10269493.0
2022-11-03,40.57,41.81,40.07,40.95,7724443.0
2022-11-04,41.88,43.04,41.83,42.62,9718510.0
2022-11-07,43.05,43.45,41.87,42.78,6055616.0
2022-11-08,42.7,43.03,41.72,42.18,7091871.0
2022-11-09,41.58,42.8,41.42,42.37,6343503.0
2022-11-10,43.95,44.51,43.02,44.33,9378708.0
2022-11-11,44.64,45.41,44.22,44.71,8173352.0
2022-11-14,44.15,44.98,44.0,44.03,5912352.0
2022-11-15,44.89,45.57,43.41,44.04,7062923.0
2022-11-16,43.5,43.93,43.07,43.29,4851876.0
2022-11-17,42.53,43.35,42.28,43.25,4288812.0
2022-11-18,43.94,44.81,43.28,43.82,4883405.0
2022-11-21,43.87,44.3,43.22,43.43,4047110.0
2022-11-22,43.56,43.91,42.83,43.43,3249723.0
2022-11-23,43.53,44.02,43.16,43.69,3380478.0
2022-11-25,43.6,44.59,43.54,44.42,2398421.0
2022-11-28,43.93,43.96,42.99,43.02,6025272.0
2022-11-29,42.98,43.84,42.97,43.69,4434114.0
2022-11-30,43.66,44.18,43.09,44.17,4549013.0
2022-12-01,44.3,44.62,43.63,43.89,3906137.0
2022-12-02,43.3,44.27,43.11,43.89,4528976.0
2022-12-05,44.48,45.86,44.29,45.03,11174116.0
2022-12-06,45.21,45.97,44.92,45.92,7601836.0
2022-12-07,45.69,45.69,43.9,44.06,8126450.0
2022-12-08,44.38,44.88,42.3,42.8,8779358.0
2022-12-09,42.3,43.11,42.21,43.04,5791845.0
2022-12-12,43.0,44.34,42.76,44.24,5297134.0
2022-12-13,45.5,45.57,40.92,41.17,18385109.0
2022-12-14,41.67,41.99,39.64,40.1,13887307.0
2022-12-15,39.65,40.07,38.15,38.55,10407244.0
2022-12-16,38.52,39.12,37.84,38.43,11429884.0
2022-12-19,38.67,38.86,37.89,37.98,5432494.0
2022-12-20,37.96,38.62,37.85,38.55,5512570.0
2022-12-21,38.59,39.44,38.59,39.0,6047284.0
2022-12-22,38.78,38.98,37.17,38.28,7246362.0
2022-12-23,38.36,38.48,37.77,38.39,4262487.0
2022-12-27,38.2,38.99,37.72,38.2,6653995.0
2022-12-28,38.34,38.55,37.22,37.29,6402606.0
2022-12-29,37.38,38.24,37.32,37.92,5890562.0
2022-12-30,37.59,38.06,37.46,37.7,6295835.0
2023-01-03,38.22,38.25,36.82,37.21,8149601.0
2023-01-04,37.62,39.85,37.56,39.72,8743685.0
2023-01-05,39.6,41.27,39.43,41.24,8292701.0
2023-01-06,41.41,42.28,41.05,42.24,7728171.0
2023-01-09,42.57,44.19,42.26,43.35,10072187.0
2023-01-10,43.04,45.76,43.04,45.75,10584263.0
2023-01-11,45.49,47.78,45.41,47.71,16692538.0
2023-01-12,48.61,51.32,48.56,51.3,21249666.0
2023-01-13,49.69,51.71,49.66,51.65,15893624.0
2023-01-17,51.1,51.59,49.94,51.2,20025388.0
2023-01-18,53.1,53.26,48.52,48.86,31617551.0
2023-01-19,48.29,48.58,46.88,48.37,15601994.0
2023-01-20,48.67,49.68,48.42,49.46,9431792.0
2023-01-23,49.47,49.87,48.8,49.28,7375128.0
2023-01-24,49.02,50.29,48.87,49.3,5412203.0
2023-01-25,49.09,50.86,49.04,50.28,8657991.0
2023-01-26,50.4,50.69,48.8,49.45,7688854.0
2023-01-27,49.34,49.6,48.63,48.73,6500141.0
2023-01-30,48.3,49.44,48.09,48.21,6112422.0
2023-01-31,48.4,49.24,47.98,48.96,5352269.0
2023-02-01,48.84,50.26,48.28,50.22,7826555.0
2023-02-02,50.47,52.34,50.34,52.31,11135531.0
2023-02-03,51.85,52.13,50.96,51.12,6959180.0
2023-02-06,50.36,51.13,50.17,50.92,4996937.0
2023-02-07,50.87,51.09,49.54,50.75,4854370.0
2023-02-08,50.98,51.3,49.38,50.77,7367423.0
2023-02-09,50.98,51.29,49.61,49.82,5215675.0
2023-02-10,49.12,49.35,48.4,48.86,6144055.0
2023-02-13,48.87,49.4,48.63,49.19,4356355.0
2023-02-14,49.05,50.3,48.85,50.06,6199563.0
2023-02-15,49.33,50.17,49.15,49.91,3677739.0
2023-02-16,49.51,49.72,48.78,48.99,5472324.0
2023-02-17,48.98,49.8,48.35,49.63,4860517.0
2023-02-21,49.09,49.39,47.81,48.2,5385583.0
2023-02-22,48.07,48.93,47.77,48.78,4622138.0
2023-02-23,49.48,51.45,49.35,50.58,8536058.0
2023-02-24,49.5,50.25,49.07,50.21,5339952.0
2023-02-27,50.67,51.52,50.54,50.7,4914323.0
2023-02-28,50.6,52.33,50.58,51.96,6279671.0
2023-03-01,51.67,52.54,51.52,52.39,4876098.0
2023-03-02,51.9,52.61,51.48,52.56,3261566.0
2023-03-03,53.2,53.86,52.67,53.06,6189345.0
2023-03-06,53.23,53.56,52.29,52.44,4501585.0
2023-03-07,53.18,55.04,52.87,54.01,9884502.0
2023-03-08,54.23,54.47,53.57,54.26,4875698.0
2023-03-09,53.76,54.6,51.85,52.12,6478206.0
2023-03-10,53.3,53.52,50.2,50.97,10974960.0
2023-03-13,49.51,49.8,48.15,48.83,11968236.0
2023-03-14,47.46,47.76,45.36,46.21,21019446.0
2023-03-15,44.66,45.05,42.34,43.14,16641087.0
2023-03-16,42.65,43.8,42.17,43.59,10612865.0
2023-03-17,43.37,43.87,42.4,43.04,9367270.0
2023-03-20,43.25,43.68,42.8,43.09,6787134.0
2023-03-21,44.02,44.96,44.02,44.26,6373630.0
2023-03-22,44.14,44.32,42.78,42.82,6897739.0
2023-03-23,43.07,43.5,41.19,41.66,9530530.0
2023-03-24,41.06,41.5,40.43,41.36,7722645.0
2023-03-27,41.95,42.29,41.15,41.94,6793498.0
2023-03-28,41.76,42.57,41.58,42.41,5068531.0
2023-03-29,42.97,43.65,42.67,43.47,6985509.0
2023-03-30,44.01,45.06,43.59,43.71,7338034.0
2023-03-31,44.12,44.32,43.73,44.25,5140438.0
2023-04-03,43.68,43.76,42.71,43.35,7304230.0
2023-04-04,43.84,43.9,42.18,42.54,5850281.0
2023-04-05,42.32,42.6,41.23,42.03,8509455.0
2023-04-06,42.29,42.83,41.85,42.66,6306662.0
2023-04-10,42.6,43.21,42.29,43.13,6000330.0
2023-04-11,43.36,44.44,42.97,44.32,7853686.0
2023-04-12,43.98,43.99,41.05,41.44,15750788.0
2023-04-13,42.25,42.25,41.05,41.97,12302725.0
2023-04-14,42.18,42.39,41.34,41.67,5998667.0
2023-04-17,41.83,42.45,41.58,42.38,5691526.0
2023-04-18,42.75,43.27,42.16,43.04,10692571.0
2023-04-19,43.61,46.3,43.38,46.27,24080497.0
2023-04-20,45.85,46.27,44.52,44.89,10794697.0
2023-04-21,45.07,45.07,44.05,44.45,5317384.0
2023-04-24,44.62,44.88,43.27,43.93,5935436.0
2023-04-25,43.6,43.66,42.41,42.49,6114008.0
2023-04-26,42.75,42.95,41.75,42.1,5614046.0
2023-04-27,42.61,43.0,41.24,42.83,7015402.0
2023-04-28,42.66,43.9,42.4,43.8,5894015.0
2023-05-01,43.66,44.84,43.28,44.41,6253793.0
2023-05-02,44.01,44.6,43.07,44.53,6887911.0
2023-05-03,44.68,45.27,43.99,44.48,6485274.0
2023-05-04,44.35,44.65,42.6,42.92,8970921.0
2023-05-05,43.5,45.04,43.21,44.81,7768186.0
2023-05-08,45.31,46.24,45.23,45.86,6963093.0
2023-05-09,45.72,46.54,45.22,46.36,4906887.0
2023-05-10,46.95,47.04,44.24,45.52,7466936.0
2023-05-11,45.14,45.34,44.6,45.08,4350942.0
2023-05-12,45.42,45.63,44.43,45.08,4202696.0
2023-05-15,45.21,45.49,44.76,45.2,4431381.0
2023-05-16,44.97,46.17,44.57,45.35,5620030.0
2023-05-17,45.93,48.38,45.93,47.75,13632674.0
2023-05-18,47.73,48.25,47.46,48.13,5947932.0
2023-05-19,48.07,48.21,46.9,47.54,5243374.0
2023-05-22,47.74,48.11,46.62,47.41,6024714.0
2023-05-23,47.4,49.05,47.2,47.87,6531977.0
2023-05-24,47.4,47.43,45.97,46.66,7675760.0
2023-05-25,47.21,47.85,46.67,47.48,6113285.0
2023-05-26,47.51,48.18,46.93,47.26,4408370.0
2023-05-30,47.75,48.64,47.5,48.01,5267000.0
2023-05-31,48.75,48.9,46.97,47.47,7529977.0
2023-06-01,47.35,48.29,47.05,47.41,4985455.0
2023-06-02,48.03,48.94,47.73,48.5,7858978.0
2023-06-05,48.45,48.56,47.64,48.26,3701066.0
2023-06-06,47.99,49.12,47.81,48.79,3971758.0
2023-06-07,49.07,49.74,48.88,49.39,5180507.0
2023-06-08,49.27,50.44,49.26,49.87,5544842.0
2023-06-09,49.99,50.9,49.85,50.42,5752326.0
2023-06-12,50.91,52.01,50.7,51.31,6492384.0
2023-06-13,51.87,53.37,51.67,53.19,8633861.0
2023-06-14,53.26,53.83,52.72,53.35,6522198.0
2023-06-15,52.84,53.68,52.78,53.58,5878608.0
2023-06-16,53.5,54.06,52.99,53.5,6810498.0
2023-06-20,52.8,53.06,52.16,52.7,5198814.0
2023-06-21,52.43,53.14,52.11,52.85,4255062.0
2023-06-22,52.62,53.27,52.48,53.05,3266284.0
2023-06-23,51.96,52.74,51.82,52.65,4091868.0
2023-06-26,52.7,53.75,52.5,53.32,4962711.0
2023-06-27,53.97,56.44,53.87,56.03,10655047.0
2023-06-28,56.22,56.97,55.81,56.3,7064399.0
2023-06-29,56.42,56.76,53.61,53.72,11804314.0
2023-06-30,54.39,54.96,53.9,54.87,10051583.0
2023-07-03,54.49,55.3,54.39,55.06,3226264.0
2023-07-05,54.57,56.23,54.25,55.63,5553163.0
2023-07-06,54.87,55.31,54.15,54.42,4938598.0
2023-07-07,54.55,55.74,54.48,55.39,5327284.0
2023-07-10,55.34,56.49,55.16,56.33,4779332.0
2023-07-11,56.2,56.36,55.27,56.18,4397763.0
2023-07-12,56.2,56.64,55.0,55.4,5881333.0
2023-07-13,56.9,57.45,55.11,55.23,8583704.0
2023-07-14,55.39,55.4,52.96,53.34,7548806.0
2023-07-17,53.3,54.18,53.16,53.33,4617079.0
2023-07-18,53.17,55.01,53.12,54.79,5582285.0
2023-07-19,54.58,55.12,54.03,54.8,8730621.0
2023-07-20,55.83,57.56,54.65,56.57,22003324.0
2023-07-21,57.24,58.23,56.4,57.61,11419692.0
2023-07-24,57.07,57.27,55.69,56.06,8125173.0
2023-07-25,55.13,55.16,53.32,54.22,12126957.0
2023-07-26,54.3,54.89,53.59,54.57,5921429.0
2023-07-27,53.94,54.28,52.82,53.26,7709997.0
2023-07-28,53.87,54.69,53.71,54.17,6038282.0
2023-07-31,54.24,54.44,53.98,54.31,3808247.0
2023-08-01,53.55,53.62,52.26,53.26,6176941.0
2023-08-02,52.5,52.94,52.21,52.67,4779965.0
2023-08-03,52.05,52.48,51.56,52.16,5986729.0
2023-08-04,52.45,52.59,51.82,52.37,4409746.0
2023-08-07,52.98,53.8,52.43,53.68,5672469.0
2023-08-08,53.02,54.91,52.95,54.86,6648852.0
2023-08-09,54.77,54.91,52.94,53.13,5550592.0
2023-08-10,53.47,53.78,52.49,52.95,4642479.0
2023-08-11,52.59,52.69,51.82,52.26,4063298.0
2023-08-14,52.09,52.54,51.72,52.31,3273083.0
2023-08-15,51.8,51.93,51.22,51.34,4262144.0
2023-08-16,51.36,52.07,50.61,50.72,4356847.0
2023-08-17,50.63,50.71,49.5,49.53,5527124.0
2023-08-18,48.79,49.41,48.55,49.1,4903325.0
2023-08-21,49.41,49.73,48.93,49.63,3512155.0
2023-08-22,49.84,50.14,49.0,49.43,2870708.0
2023-08-23,49.29,50.63,48.66,50.39,4779529.0
2023-08-24,50.04,50.4,48.94,49.4,4674219.0
2023-08-25,49.47,49.54,48.52,48.94,4235921.0
2023-08-28,49.06,49.84,48.91,49.19,4459400.0
2023-08-29,49.31,50.66,49.08,50.28,4165250.0
2023-08-30,50.18,50.58,49.93,50.1,3075006.0
2023-08-31,50.52,50.54,49.48,49.81,4160018.0
2023-09-01,50.13,50.16,49.12,49.72,3266655.0
2023-09-05,48.98,49.33,47.38,48.47,12327595.0
2023-09-06,47.9,49.71,47.9,48.34,6623788.0
2023-09-07,48.15,48.25,47.49,47.68,5505317.0
2023-09-08,47.6,47.98,47.05,47.44,4866936.0
2023-09-11,47.6,47.96,46.99,47.69,4113497.0
2023-09-12,47.91,48.2,47.33,47.6,3416361.0
2023-09-13,46.12,46.77,45.39,45.79,9290927.0
2023-09-14,46.29,46.37,45.31,45.42,7128889.0
2023-09-15,45.31,46.45,45.19,45.7,5875064.0
2023-09-18,45.35,45.42,44.49,44.63,5493166.0
2023-09-19,44.45,45.3,44.39,45.24,4192925.0
2023-09-20,45.5,45.75,44.32,44.36,4419035.0
2023-09-21,44.01,44.5,43.57,43.69,6045128.0
2023-09-22,43.39,43.71,42.9,43.07,5096794.0
2023-09-25,42.75,43.08,42.14,42.93,5129362.0
2023-09-26,42.7,43.38,42.51,42.65,5139203.0
2023-09-27,42.8,42.87,41.62,42.03,5258048.0
2023-09-28,42.0,43.08,41.74,42.31,6091895.0
2023-09-29,42.57,42.99,41.85,42.3,6662702.0
2023-10-02,42.32,42.6,41.44,41.62,6398867.0
2023-10-03,41.48,41.55,40.35,40.53,7045864.0
2023-10-04,40.9,41.71,40.4,41.41,7731085.0
2023-10-05,41.88,42.13,41.13,41.32,6480467.0
2023-10-06,41.27,42.48,40.96,41.82,6348743.0
2023-10-09,40.73,40.78,39.04,39.78,11089390.0
2023-10-10,40.4,41.35,40.29,40.39,6497610.0
2023-10-11,40.4,41.14,40.27,41.0,6218556.0
2023-10-12,41.67,41.67,39.52,39.82,9377086.0
2023-10-13,39.47,39.83,38.55,38.72,8262214.0
2023-10-16,39.12,39.84,38.75,39.53,6678648.0
2023-10-17,39.45,40.44,39.38,40.12,11983168.0
2023-10-18,38.08,38.63,36.14,36.24,34214050.0
2023-10-19,36.09,37.16,35.91,36.03,14628590.0
2023-10-20,35.77,35.9776,35.07,35.09,11967023.0
2023-10-23,35.0,35.93,34.685,35.38,9656027.0
2023-10-24,35.56,35.64,35.025,35.14,7842388.0
2023-10-25,35.0,35.345,34.81,34.85,8362312.0
2023-10-26,34.84,35.54,34.64,34.92,8741355.0
2023-10-27,35.06,35.13,33.68,33.9,7817927.0
2023-10-30,34.27,35.07,34.135,34.8,8389983.0
2023-10-31,34.58,35.03,34.24,35.01,6842281.0
2023-11-01,35.01,35.36,34.49,34.81,8360959.0
2023-11-02,35.56,35.855,35.24,35.82,6849902.0
2023-11-03,36.46,37.84,36.29,37.51,13069735.0
2023-11-06,37.88,37.98,36.25,36.76,7315353.0
2023-11-07,37.02,37.125,36.23,37.03,6792828.0
2023-11-08,37.39,38.5,37.3436,38.04,9896360.0
2023-11-09,38.76,38.88,37.06,37.32,7875920.0
2023-11-10,37.25,38.15,37.225,37.99,6414704.0
2023-11-13,37.78,38.305,37.5,38.11,6552080.0
2023-11-14,39.2,39.5914,38.8623,39.38,6980125.0
2023-11-15,39.71,41.05,39.62,39.94,10065927.0
2023-11-16,39.85,40.32,39.13,39.28,5829480.0
2023-11-17,39.7,39.82,39.33,39.76,4948529.0
2023-11-20,39.53,40.14,39.37,40.02,4857808.0
2023-11-21,39.69,39.75,39.18,39.44,4950297.0
2023-11-22,40.48,41.375,39.61,39.8,8771824.0
2023-11-24,40.07,40.28,39.51,39.71,3135689.0
2023-11-27,39.52,39.6,38.883,39.21,5153342.0
2023-11-28,39.3,39.41,38.32,38.96,6732019.0
2023-11-29,39.28,40.22,39.19,39.25,5970644.0
2023-11-30,39.59,39.67,38.68,39.4,7059628.0
2023-12-01,39.48,40.365,39.175,40.24,10633738.0
2023-12-04,40.16,40.8,39.66,40.52,7434984.0
2023-12-05,40.11,40.2551,39.11,39.59,7789893.0
2023-12-06,40.24,41.84,40.23,40.93,9695957.0
2023-12-07,41.4,42.055,41.15,41.26,10392602.0
2023-12-08,41.3,41.58,40.695,40.97,8115541.0
2023-12-11,40.9,41.215,40.44,40.56,6018752.0
2023-12-12,40.67,41.28,40.4899,41.1,7963081.0
2023-12-13,40.84,41.715,39.81,41.58,8726286.0
2023-12-14,42.22,43.79,42.14,43.59,12180878.0
2023-12-15,43.51,43.87,43.22,43.58,8679614.0
2023-12-18,43.19,43.36,42.15,42.33,9030174.0
2023-12-19,42.6,42.94,42.22,42.42,7220742.0
2023-12-20,42.0,42.73,41.125,41.18,7778943.0
2023-12-21,41.8,42.625,41.8,42.58,7572963.0
2023-12-22,42.58,42.98,42.26,42.55,4964191.0
2023-12-26,42.46,42.55,41.965,42.08,5260239.0
2023-12-27,42.12,42.22,41.525,41.73,4863023.0
2023-12-28,41.56,42.03,41.48,41.97,3813693.0
2023-12-29,41.84,41.8995,41.18,41.26,5593026.0
2024-01-02,41.13,41.69,40.56,40.72,6331224.0
2024-01-03,40.06,40.56,39.4,39.53,9730262.0
2024-01-04,39.71,40.885,39.6,40.47,6913812.0
2024-01-05,40.41,42.01,40.28,41.76,7198628.0
2024-01-08,41.48,43.52,41.44,42.92,13003750.0
2024-01-09,43.53,44.16,43.056,43.54,9334293.0
2024-01-10,43.68,44.5,43.43,44.26,8337469.0
2024-01-11,44.06,44.54,43.41,44.51,6750249.0
2024-01-12,42.57,42.64,39.76,39.78,26572444.0
2024-01-16,39.29,39.38,38.1,38.93,13383422.0
2024-01-17,38.46,38.83,37.68,37.88,9483407.0
2024-01-18,38.05,39.83,37.882,39.77,11183788.0
2024-01-19,39.72,39.75,38.56,38.82,9734201.0
2024-01-22,39.26,39.49,38.2323,38.45,17254371.0
2024-01-23,41.015,42.32,39.771,40.49,30849057.0
2024-01-24,41.06,41.35,40.48,40.84,8524229.0
2024-01-25,42.09,43.1,41.78,42.96,14659229.0
2024-01-26,43.0,43.56,42.32,42.55,6921346.0
2024-01-29,42.5,42.87,42.01,42.09,7935010.0
2024-01-30,41.76,42.18,41.57,41.66,5264136.0
2024-01-31,41.4,42.4585,40.86,41.38,7855875.0
2024-02-01,41.69,42.08,40.37,41.5,7493166.0
2024-02-02,41.32,41.54,40.9,41.37,5737709.0
2024-02-05,40.76,40.83,39.98,40.01,8628864.0
2024-02-06,39.86,41.3,39.71,41.23,6553570.0
2024-02-07,41.23,41.64,40.8199,41.28,6535011.0
2024-02-08,41.21,41.66,40.44,41.62,7405950.0
2024-02-09,42.86,43.035,41.595,42.33,9216125.0
2024-02-12,42.15,43.29,42.09,43.02,7376567.0
2024-02-13,41.87,42.38,41.14,41.62,9500745.0
2024-02-14,41.87,43.01,41.702,42.83,7489308.0
2024-02-15,43.33,43.685,42.57,42.83,6694519.0
2024-02-16,42.26,42.54,41.61,41.99,6985426.0
2024-02-20,41.68,43.72,41.68,43.46,12298919.0
2024-02-21,43.11,44.106,42.89,44.05,9333241.0
2024-02-22,44.45,45.88,44.39,45.26,9335630.0
2024-02-23,45.11,45.78,44.9611,45.51,6575842.0
2024-02-26,45.47,46.25,44.97,44.97,6694530.0
2024-02-27,45.39,45.52,44.55,44.9,6902909.0
2024-02-28,44.43,45.13,44.4,44.76,6145869.0
2024-02-29,45.0,45.6699,44.9319,45.49,6996920.0
2024-03-01,45.61,45.73,44.375,44.84,7289406.0
2024-03-04,44.59,45.18,43.63,44.13,10628724.0
2024-03-05,43.73,44.03,43.4107,43.74,6078318.0
2024-03-06,44.1,44.825,43.815,44.07,5927495.0
2024-03-07,44.09,44.718,44.02,44.12,5597083.0
2024-03-08,44.11,44.51,43.23,43.3,7734113.0
2024-03-11,42.83,43.07,42.53,42.89,7370990.0
2024-03-12,42.67,42.8,40.83,42.17,12149762.0
2024-03-13,41.91,43.33,41.86,43.035,7885369.0
2024-03-14,42.91,43.0,41.99,42.85,7293358.0
2024-03-15,42.795,43.69,42.78,43.62,9156519.0
2024-03-18,43.62,43.71,42.5,43.55,5685156.0
2024-03-19,43.63,44.06,43.325,43.91,5175484.0
2024-03-20,43.64,45.99,43.41,45.98,8628300.0
2024-03-21,46.11,46.685,45.93,46.63,5582781.0
2024-03-22,46.51,46.79,46.1385,46.47,4994413.0
2024-03-25,45.05,45.11,43.541,44.89,13422311.0
2024-03-26,45.03,45.9,44.85,45.42,8598565.0
2024-03-27,45.69,47.48,45.62,47.24,10930691.0
2024-03-28,47.18,47.995,47.11,47.88,7587826.0
2024-04-01,48.0,48.73,47.32,47.35,8572514.0
2024-04-02,46.55,46.55,45.29,45.65,8149779.0
2024-04-03,45.5,46.24,44.365,44.62,8664358.0
2024-04-04,44.98,45.75,43.18,43.22,9353662.0
2024-04-05,43.22,43.5,42.76,43.19,7514026.0
2024-04-08,42.72,43.88,42.6,43.31,7893003.0
2024-04-09,43.43,43.73,42.97,43.44,6344733.0
2024-04-10,44.26,44.75,41.755,42.37,13796343.0
2024-04-11,42.3,43.11,42.04,43.04,8288415.0
2024-04-12,42.1,42.13,41.0802,41.8,11114635.0
2024-04-15,42.15,42.83,40.84,41.04,10452069.0
2024-04-16,40.8,41.715,40.1,41.5,18510943.0
2024-04-17,44.45,49.14,44.11,48.74,67541182.0
2024-04-18,49.22,51.88,49.2,51.42,38675932.0
2024-04-19,51.19,53.1,50.9,51.38,17004795.0
2024-04-22,51.86,54.15,51.53,53.94,16424842.0
2024-04-23,53.1,54.67,52.81,54.03,12733069.0
2024-04-24,53.69,53.95,52.11,52.67,10034245.0
2024-04-25,52.28,53.84,51.32,53.51,8895456.0
2024-04-26,53.07,53.5098,52.29,52.84,6905634.0
2024-04-29,52.8,53.13,52.155,52.97,5508927.0
2024-04-30,52.42,52.68,51.41,51.46,7313209.0
2024-05-01,51.4,51.51,49.73,50.67,9732153.0
2024-05-02,51.39,51.815,50.9189,51.68,7455615.0
2024-05-03,52.0,52.75,51.225,51.65,7314978.0
2024-05-06,51.93,54.06,51.7,53.97,8713619.0
2024-05-07,53.3,53.35,52.5699,52.69,6193528.0
2024-05-08,53.12,53.5,52.63,53.02,4853121.0
2024-05-09,52.96,53.17,52.58,52.63,3540350.0
2024-05-10,52.98,53.37,52.46,52.72,3533842.0
2024-05-13,53.23,54.68,53.2,54.4,7633948.0
2024-05-14,54.8,55.2168,54.8,55.09,7654901.0
2024-05-15,55.38,55.39,54.825,54.96,7519528.0
2024-05-16,55.43,56.175,54.65,54.78,6892415.0
2024-05-17,55.15,55.835,54.84,54.97,7157932.0
2024-05-20,54.99,55.27,54.56,54.62,5517475.0
2024-05-21,54.44,54.6,52.95,53.03,6767412.0
2024-05-22,52.88,53.4,52.21,52.42,4724986.0
2024-05-23,52.63,52.68,51.4,51.76,4764235.0
2024-05-24,51.91,52.3,51.26,51.73,3489514.0
2024-05-28,51.85,51.9295,50.43,50.64,4741466.0
2024-05-29,49.475,51.92,48.27,51.83,12342002.0
2024-05-30,51.96,52.115,51.16,51.34,5399413.0
2024-05-31,51.82,53.105,51.65,52.99,7740831.0
2024-06-03,53.5,54.6,52.22,52.72,8790540.0
2024-06-04,52.64,54.02,51.73,52.34,8538599.0
2024-06-05,52.11,53.68,51.38,52.91,8902698.0
2024-06-06,53.31,55.12,53.03,53.3,8653273.0
2024-06-07,52.72,53.34,52.6101,53.0,4695264.0
2024-06-10,52.54,53.48,52.28,53.03,3521014.0
2024-06-11,52.66,52.84,51.85,52.05,4620796.0
2024-06-12,52.85,54.13,52.5,52.93,7595194.0
2024-06-13,52.86,52.86,51.06,52.07,5465974.0
2024-06-14,50.99,51.11,48.46,49.69,10772401.0
2024-06-17,49.68,50.615,49.4,50.36,4999670.0
2024-06-18,50.32,50.67,49.445,49.58,5051217.0
2024-06-20,49.39,49.9786,48.695,48.9,5801666.0
2024-06-21,48.71,48.71,47.77,48.18,11116653.0
2024-06-24,48.39,49.825,48.26,49.18,5554422.0
2024-06-25,49.16,49.85,48.5,48.52,5750539.0
2024-06-26,47.9,48.5864,46.75,48.07,6387247.0
2024-06-27,47.95,48.53,47.45,48.2,4649650.0
2024-06-28,48.25,48.88,48.02,48.66,5293465.0
2024-07-01,48.72,49.16,47.99,48.33,4213050.0
2024-07-02,48.37,48.4899,47.81,48.2,4879323.0
2024-07-03,48.43,48.82,48.1,48.51,2855941.0
2024-07-05,48.3,48.47,46.52,47.0,7251916.0
2024-07-08,47.56,47.73,46.71,46.82,4774478.0
2024-07-09,46.97,47.71,46.66,47.2,4660030.0
2024-07-10,47.62,47.6218,46.875,47.15,6847906.0
2024-07-11,44.75,45.72,43.73,45.64,14191481.0
2024-07-12,45.39,45.8,44.55,44.72,8990994.0
2024-07-15,44.71,44.99,44.12,44.32,6330001.0
2024-07-16,44.25,47.11,44.25,47.07,9821107.0
2024-07-17,46.76,47.54,46.54,46.94,14554673.0
2024-07-18,47.91,49.67,46.07,46.39,20945065.0
2024-07-19,45.9,48.31,44.95,47.93,9601164.0
2024-07-22,47.24,48.755,46.63,48.19,8876262.0
2024-07-23,47.99,48.885,47.86,48.22,6682288.0
2024-07-24,48.34,48.34,45.83,46.02,6996074.0
2024-07-25,45.95,47.7,45.64,46.72,9091276.0
2024-07-26,47.46,47.485,46.39,47.37,5867053.0
2024-07-29,47.37,47.38,46.39,46.76,5171934.0
2024-07-30,47.03,47.97,46.38,46.61,6802192.0
2024-07-31,46.62,46.87,45.11,45.42,7480406.0
2024-08-01,45.76,45.87,42.0604,42.38,12654176.0
2024-08-02,41.53,41.6,39.77,40.19,11832462.0
2024-08-05,37.14,39.26,37.02,37.88,11159165.0
2024-08-06,38.35,39.745,38.05,38.8,7717855.0
2024-08-07,39.52,40.42,38.65,38.76,6099959.0
2024-08-08,39.12,41.345,39.11,41.18,6197726.0
2024-08-09,41.18,41.655,40.77,41.46,5716699.0
2024-08-12,41.01,41.29,40.36,40.42,6282150.0
2024-08-13,40.52,41.19,40.36,40.92,4280691.0
2024-08-14,41.11,41.2799,40.125,40.24,6224287.0
2024-08-15,41.3,43.23,41.2208,42.66,8669198.0
2024-08-16,42.51,42.58,41.32,42.07,6887976.0
2024-08-19,42.45,42.63,41.945,42.35,4494586.0
2024-08-20,42.32,42.41,41.525,41.76,4291976.0
2024-08-21,42.0,42.29,41.7699,41.99,3823966.0
2024-08-22,42.2,42.67,41.38,41.44,5009656.0
2024-08-23,41.74,43.35,41.58,43.32,7150030.0
2024-08-26,43.45,43.66,42.74,42.78,3410903.0
2024-08-27,42.85,42.9,42.07,42.14,3849543.0
2024-08-28,42.05,42.18,40.96,41.33,6636972.0
2024-08-29,41.63,43.24,41.63,42.64,6369256.0
2024-08-30,43.18,44.16,42.8723,44.04,6621159.0
2024-09-03,43.63,44.15,43.52,43.87,5853353.0
2024-09-04,43.8,44.42,43.8,44.17,4078463.0
2024-09-05,44.6,46.51,44.57,45.12,9231054.0
2024-09-06,44.98,46.19,44.845,46.01,7921671.0
2024-09-09,46.67,48.98,46.58,48.75,9955556.0
2024-09-10,49.0,49.04,47.01,48.42,6060510.0
2024-09-11,48.42,48.62,47.5245,48.47,5569553.0
2024-09-12,49.78,50.8,47.46,49.65,10377839.0
2024-09-13,50.1,51.24,49.8904,50.22,9699785.0
2024-09-16,50.38,51.44,50.31,51.34,5641902.0
2024-09-17,52.0,53.75,51.9009,52.64,8701214.0
2024-09-18,52.74,54.43,52.59,52.96,7461719.0
2024-09-19,54.055,54.2433,52.34,52.59,6547117.0
2024-09-20,52.48,52.9,51.94,52.17,6514241.0
2024-09-23,52.17,52.54,51.44,52.36,4181279.0
2024-09-24,52.43,53.65,52.1257,53.63,4546507.0
2024-09-25,53.58,55.1399,53.575,54.11,7415866.0
2024-09-26,55.5837,59.38,55.49,58.85,17688220.0
2024-09-27,58.98,60.23,57.95,57.99,9393383.0
2024-09-30,57.75,58.385,56.7105,57.06,5290493.0
2024-10-01,56.87,56.95,54.73,56.13,10449394.0
2024-10-02,55.35,56.05,54.64,55.74,5372508.0
2024-10-03,55.6,56.21,54.93,55.62,6866728.0
2024-10-04,57.94,59.44,57.37,59.22,11180208.0
2024-10-07,59.0,60.38,58.54,59.18,7501112.0
2024-10-08,59.68,61.62,59.53,60.01,7092450.0
2024-10-09,60.4,61.04,59.08,59.43,6537645.0
2024-10-10,58.43,60.64,58.39,60.26,6757046.0
2024-10-11,60.0,61.925,59.71,61.8,5656301.0
2024-10-14,62.33,63.81,62.06,63.53,8236020.0
2024-10-15,64.18,65.02,63.495,64.05,12807977.0
2024-10-16,65.4,73.65,65.1085,72.015,37212927.0
2024-10-17,72.0,74.5599,71.59,73.33,14729644.0
2024-10-18,73.87,74.95,72.9,74.15,8399293.0
2024-10-21,73.25,74.965,72.57,74.0,8063621.0
2024-10-22,73.8,74.72,72.57,74.49,6626811.0
2024-10-23,73.87,74.44,72.89,73.45,5074339.0
2024-10-24,74.42,75.41,72.92,74.51,5887248.0
2024-10-25,74.9,76.08,73.935,74.64,7836397.0
2024-10-28,76.58,77.94,76.07,76.09,7411859.0
2024-10-29,75.39,77.62,75.15,76.93,5086373.0
2024-10-30,76.67,80.82,76.67,80.42,9567975.0
2024-10-31,79.7,81.05,78.12,78.26,6907519.0
2024-11-01,79.19,81.35,78.79,80.46,6762272.0
2024-11-04,79.87,80.29,77.14,77.25,6452169.0
2024-11-05,77.26,80.09,77.26,80.03,4601395.0
2024-11-06,85.0,87.84,84.3,87.58,11591614.0
2024-11-07,86.58,87.84,85.36,85.43,5314439.0
2024-11-08,86.0,87.87,85.6,87.51,4604337.0
2024-11-11,87.86,89.6,87.34,89.43,5674867.0
2024-11-12,88.41,89.24,87.06,89.13,6054398.0
2024-11-13,90.07,92.28,89.14,89.78,8040734.0
2024-11-14,90.75,93.33,90.6,91.16,6063836.0
2024-11-15,92.25,92.71,90.56,91.17,4470000.0
2024-11-18,90.945,91.12,88.9,90.38,3952233.0
2024-11-19,88.87,95.19,88.6007,94.26,6887675.0
2024-11-20,93.65,95.0,91.24,94.63,5298787.0
2024-11-21,95.0,95.99,93.71,94.4,6126757.0
2024-11-22,93.93,95.54,92.08,95.24,6529031.0
2024-11-25,97.22,98.0,96.14,96.83,5097470.0
2024-11-26,97.75,101.6,96.48,96.51,8317530.0
2024-11-27,96.51,96.95,95.08,96.35,3145712.0
2024-11-29,96.36,97.43,96.14,96.83,1495684.0
2024-12-02,97.29,98.32,96.81,97.44,3468124.0
2024-12-03,97.35,98.03,95.64,95.79,3575932.0
2024-12-04,96.855,99.29,96.855,99.25,4413138.0
2024-12-05,101.33,105.09,100.87,102.44,7567644.0
2024-12-06,103.84,104.0,100.0516,100.28,4292668.0
2024-12-09,100.24,100.89,95.38,96.02,5626830.0
2024-12-10,97.58,99.42,95.29,96.53,4124506.0
2024-12-11,97.19,100.25,97.19,98.96,5416012.0
2024-12-12,99.77,100.18,95.8703,95.97,3349781.0
2024-12-13,96.12,96.6673,94.917,95.11,4163701.0
2024-12-16,94.53,97.0999,94.2,95.48,3775230.0
2024-12-17,94.97,95.3298,93.65,94.99,3436246.0
2024-12-18,95.1,97.48,90.1704,91.47,6252074.0
2024-12-19,92.75,96.18,92.725,95.56,6621081.0
2024-12-20,94.52,98.28,94.3396,97.4,12239345.0
2024-12-23,97.5,99.545,96.25,99.48,4135244.0
2024-12-24,99.35,101.2899,99.06,101.16,1954267.0
2024-12-26,100.15,101.28,99.95,100.87,2226804.0
2024-12-27,100.44,100.55,98.18,99.65,3156721.0
2024-12-30,98.31,98.97,95.3,98.21,3886343.0
2024-12-31,97.82,98.25,96.03,97.1,2817027.0
2025-01-02,97.29,97.915,94.4485,95.43,3429639.0
2025-01-03,95.4,95.73,91.78,95.67,4155179.0
2025-01-06,96.95,101.3,96.37,98.57,7050934.0
2025-01-07,99.0,101.71,98.14,101.21,4995313.0
2025-01-08,100.01,103.9,99.4,103.72,5458124.0
2025-01-10,109.47,110.92,105.7984,107.11,14330578.0
2025-01-13,104.48,105.13,102.18,104.71,5858970.0
2025-01-14,107.29,108.14,105.6,107.67,5973101.0
2025-01-15,109.15,110.15,104.8001,104.96,4721173.0
2025-01-16,105.4,106.7,104.38,106.11,4381715.0
2025-01-17,107.02,108.467,106.0,107.38,5177955.0
2025-01-21,109.295,110.7999,108.13,110.52,12720179.0
2025-01-22,115.85,116.0,107.0,107.97,16086392.0
2025-01-23,108.8,109.21,102.8601,103.0,10416774.0
2025-01-24,102.81,107.95,102.27,105.0,8645534.0
2025-01-27,102.64,107.9499,102.0,106.74,5934765.0
2025-01-28,105.83,106.715,104.33,106.34,4700115.0
2025-01-29,107.07,108.856,106.52,108.26,3873832.0
2025-01-30,107.1,109.765,106.53,109.4,4033754.0
2025-01-31,109.63,110.3175,104.86,105.84,6136908.0
2025-02-03,101.96,106.3,101.32,104.83,4597129.0
2025-02-04,106.62,108.9,104.43,108.67,5948631.0
2025-02-05,108.39,109.1,106.54,107.82,2860383.0
2025-02-06,108.85,110.25,108.18,109.15,3430819.0
2025-02-07,109.56,110.07,108.4,109.0,3649399.0
2025-02-10,109.1,109.105,104.93,106.08,5292668.0
2025-02-11,105.7525,105.7525,102.1,103.31,7287540.0
2025-02-12,103.71,106.81,103.32,104.18,5840337.0
2025-02-13,104.26,105.2,95.98,100.89,11303691.0
2025-02-14,101.48,104.59,100.58,104.26,5208354.0
2025-02-18,104.16,106.4571,102.71,103.25,4774694.0
2025-02-19,102.53,108.82,102.37,106.51,6767996.0
2025-02-20,105.63,106.5,100.0178,102.49,7012087.0
2025-02-21,103.0,103.88,95.36,95.89,10968203.0
